shape_id,shape_pt_lat,shape_pt_lon,shape_pt_sequence
s17,-37.9555,-57.654952,1
s17,-37.962775,-57.645328,2
s17,-37.958134,-57.639743,3
s17,-37.954079,-57.636445,4
s17,-37.953893,-57.635801,5
s17,-37.95435,-57.633805,6
s17,-37.957818,-57.626917,7
s17,-37.958038,-57.627057,8
s2,-38.072014,-57.60326,1
s2,-38.071068,-57.604494,2
s2,-38.072521,-57.606232,3
s2,-38.073484,-57.604945,4
s2,-38.075308,-57.607155,5
s2,-38.076981,-57.605095,6
s2,-38.077977,-57.606275,7
s2,-38.079717,-57.604043,8
s2,-38.078636,-57.60282,9
s2,-38.086431,-57.592488,10
s2,-38.071339,-57.574217,11
s2,-38.070139,-57.573477,12
s2,-38.068729,-57.57337,13
s2,-38.063534,-57.573541,14
s2,-38.061853,-57.572769,15
s2,-38.060577,-57.571224,16
s2,-38.052805,-57.581577,17
s2,-38.044659,-57.571727,18
s2,-38.039177,-57.565141,19
s2,-38.027139,-57.581078,20
s2,-38.015125,-57.596984,21
s2,-38.006477,-57.608442,22
s2,-38.003011,-57.602177,23
s2,-38.001624,-57.599816,24
s2,-38.000238,-57.5984,25
s2,-37.999798,-57.596877,26
s2,-37.999003,-57.59692,27
s2,-37.999003,-57.597821,28
s2,-37.990943,-57.608331,29
s14,-37.958038,-57.627057,1
s14,-37.95778,-57.626966,2
s14,-37.964154,-57.61459,3
s14,-37.965685,-57.615824,4
s14,-37.966192,-57.614837,5
s14,-37.967783,-57.616092,6
s14,-37.969288,-57.613131,7
s14,-37.966044,-57.610529,8
s14,-37.972612,-57.597563,9
s14,-37.979919,-57.58338,10
s14,-37.980739,-57.58294,11
s14,-37.980706,-57.581674,12
s14,-37.982278,-57.578455,13
s14,-37.990959,-57.561359,14
s14,-37.995013,-57.553414,15
s14,-37.99738,-57.54864,16
s14,-37.997769,-57.548307,17
s14,-37.997761,-57.547867,18
s14,-38.00094,-57.541559,19
s14,-38.001912,-57.541859,20
s14,-38.005175,-57.544456,21
s14,-38.009241,-57.547739,22
s14,-38.011752,-57.54276,23
s14,-38.012254,-57.541771,24
s14,-38.023306,-57.55071,25
s14,-38.029884,-57.537764,26
s14,-38.038763,-57.544885,27
s14,-38.040132,-57.543082,28
s14,-38.043579,-57.547245,29
s14,-38.04581,-57.544295,30
s14,-38.045337,-57.543254,31
s14,-38.046351,-57.54187,32
s14,-38.049375,-57.541248,33
s14,-38.049908,-57.540818,34
s14,-38.050085,-57.539542,35
s29,-38.04385,-57.651787,1
s29,-38.040842,-57.648075,2
s29,-38.044052,-57.643719,3
s29,-38.042582,-57.641981,4
s29,-38.039321,-57.646294,5
s29,-38.017466,-57.619879,6
s29,-38.019478,-57.617261,7
s29,-38.018734,-57.616467,8
s29,-38.022689,-57.611275,9
s29,-38.021303,-57.609665,10
s29,-38.025597,-57.603958,11
s29,-38.022825,-57.600675,12
s29,-38.02061,-57.603528,13
s29,-38.015133,-57.597005,14
s29,-38.018058,-57.593143,15
s29,-38.010619,-57.584195,16
s29,-38.011262,-57.583337,17
s29,-38.010484,-57.582436,18
s29,-38.012351,-57.580027,19
s29,-37.990447,-57.562394,20
s29,-37.995013,-57.553414,21
s29,-37.999663,-57.544198,22
s29,-37.999189,-57.543855,23
s38,-38.014643,-57.545941,1
s38,-38.014939,-57.545335,2
s38,-38.010957,-57.542149,3
s38,-38.009934,-57.544155,4
s38,-38.006705,-57.541537,5
s38,-38.006181,-57.542095,6
s38,-38.005369,-57.542503,7
s38,-38.004059,-57.542578,8
s38,-38.003028,-57.542235,9
s38,-38.002402,-57.541787,10
s38,-38.001667,-57.541602,11
s38,-38.000272,-57.541419,12
s38,-37.998919,-57.541623,13
s38,-37.998733,-57.541988,14
s38,-37.999164,-57.542406,15
s38,-37.997592,-57.547975,16
s38,-37.99607,-57.551204,17
s38,-37.995224,-57.550539,18
s38,-37.989568,-57.561665,19
s38,-37.988815,-57.561042,20
s38,-37.98802,-57.560377,21
s38,-37.980367,-57.575494,22
s38,-37.977923,-57.573541,23
s38,-37.975648,-57.578101,24
s38,-37.975175,-57.578294,25
s38,-37.97295,-57.576631,26
s38,-37.971648,-57.57617,27
s38,-37.967588,-57.577039,28
s38,-37.966683,-57.577157,29
s38,-37.966522,-57.577511,30
s38,-37.966801,-57.577811,31
s38,-37.951753,-57.607423,32
s38,-37.948597,-57.604837,33
s38,-37.947539,-57.606854,34
s38,-37.950746,-57.609419,35
s38,-37.950991,-57.608933,36
s38,-37.95122,-57.609043,37
s98,-38.050085,-57.539542,1
s98,-38.049265,-57.539477,2
s98,-38.049367,-57.54128,3
s98,-38.046317,-57.541859,4
s98,-38.041576,-57.548232,5
s98,-38.034394,-57.557727,6
s98,-38.03376,-57.558585,7
s98,-38.031005,-57.555259,8
s98,-38.026907,-57.560635,9
s98,-38.026581,-57.56035,10
s98,-38.012885,-57.549337,11
s98,-38.014922,-57.545335,12
s98,-38.011752,-57.54276,13
s98,-38.010949,-57.542138,14
s98,-38.009951,-57.544144,15
s98,-38.006714,-57.541516,16
s98,-38.006004,-57.542245,17
s98,-38.005389,-57.542506,18
s98,-38.004803,-57.54261,19
s98,-38.004152,-57.542589,20
s98,-38.003527,-57.542412,21
s98,-38.003106,-57.541991,22
s98,-38.002675,-57.5418,23
s98,-38.000257,-57.54136,24
s98,-37.99884,-57.541677,25
s98,-37.998738,-57.541966,26
s98,-37.998894,-57.54224,27
s98,-37.999139,-57.542524,28
s98,-37.997541,-57.548221,29
s98,-37.99607,-57.551204,30
s98,-37.995216,-57.55055,31
s98,-37.989601,-57.561686,32
s98,-37.98802,-57.560399,33
s98,-37.980367,-57.575494,34
s98,-37.97794,-57.573541,35
s98,-37.97553,-57.578273,36
s98,-37.974887,-57.578241,37
s98,-37.972172,-57.57632,38
s98,-37.967664,-57.577146,39
s98,-37.967199,-57.576921,40
s98,-37.966607,-57.5772,41
s98,-37.966801,-57.577811,42
s98,-37.958867,-57.593349,43
s98,-37.951778,-57.607369,44
s98,-37.948614,-57.604827,45
s98,-37.947565,-57.606876,46
s98,-37.950729,-57.609419,47
s98,-37.950949,-57.608968,48
s98,-37.95122,-57.609043,49
s101,-37.939248,-57.606676,1
s101,-37.938903,-57.606096,2
s101,-37.945249,-57.593704,3
s101,-37.948472,-57.59629,4
s101,-37.950029,-57.593297,5
s101,-37.949411,-57.592664,6
s101,-37.946814,-57.590636,7
s101,-37.951171,-57.582085,8
s101,-37.951924,-57.581881,9
s101,-37.952305,-57.581377,10
s101,-37.951806,-57.580669,11
s101,-37.952745,-57.578845,12
s101,-37.95101,-57.577718,13
s101,-37.951738,-57.576302,14
s101,-37.947787,-57.57318,15
s101,-37.945748,-57.577214,16
s101,-37.944191,-57.575927,17
s101,-37.946205,-57.571893,18
s101,-37.943853,-57.569951,19
s101,-37.956035,-57.54595,20
s101,-37.96073,-57.549738,21
s101,-37.965137,-57.541058,22
s101,-37.969823,-57.542753,23
s101,-37.97055,-57.54359,24
s101,-37.971591,-57.542657,25
s101,-37.973291,-57.542914,26
s101,-37.975346,-57.543161,27
s101,-37.976987,-57.544459,28
s101,-37.975963,-57.546487,29
s101,-37.983872,-57.552874,30
s101,-37.991943,-57.559372,31
s101,-37.99607,-57.551204,32
s101,-38.000986,-57.541609,33
s101,-38.001897,-57.541798,34
s101,-38.00273,-57.542457,35
s101,-38.005177,-57.544481,36
s101,-38.002083,-57.550489,37
s101,-38.002937,-57.551165,38
s101,-38.012506,-57.558857,39
s101,-38.022303,-57.566786,40
s101,-38.025092,-57.570112,41
s101,-38.032543,-57.579077,42
s101,-38.03319,-57.578216,43
s101,-38.035725,-57.574847,44
s101,-38.039207,-57.578988,45
s101,-38.044648,-57.571757,46
s101,-38.048811,-57.576689,47
s101,-38.056548,-57.566357,48
s101,-38.05246,-57.561387,49
s101,-38.04965,-57.558131,50
s101,-38.047065,-57.561586,51
s101,-38.044361,-57.558281,52
s101,-38.046969,-57.554823,53
s101,-38.042249,-57.549033,54
s101,-38.045911,-57.544162,55
s101,-38.04541,-57.543143,56
s101,-38.046395,-57.541802,57
s101,-38.049442,-57.541265,58
s101,-38.049968,-57.540649,59
s101,-38.050085,-57.539542,60
s117,-37.894264,-57.523125,1
s117,-37.897449,-57.523069,2
s117,-37.899803,-57.52249,3
s117,-37.899058,-57.528026,4
s117,-37.896044,-57.531995,5
s117,-37.897737,-57.534055,6
s117,-37.905525,-57.523627,7
s117,-37.910418,-57.524614,8
s117,-37.912484,-57.525773,9
s117,-37.921946,-57.52779,10
s117,-37.921286,-57.530601,11
s117,-37.917731,-57.535279,12
s117,-37.92611,-57.545428,13
s117,-37.926703,-57.545707,14
s117,-37.928395,-57.547767,15
s117,-37.928801,-57.549012,16
s117,-37.929411,-57.548218,17
s117,-37.933913,-57.553647,18
s117,-37.944811,-57.539463,19
s117,-37.945589,-57.537982,20
s117,-37.946943,-57.535343,21
s117,-37.956892,-57.538776,22
s117,-37.9597,-57.540472,23
s117,-37.964319,-57.540643,24
s117,-37.970159,-57.542964,25
s117,-37.970612,-57.543411,26
s117,-37.971694,-57.54266,27
s117,-37.980287,-57.544012,28
s117,-37.982181,-57.544205,29
s117,-37.986342,-57.544892,30
s117,-37.991517,-57.549076,31
s117,-37.992599,-57.547016,32
s117,-37.996607,-57.550213,33
s117,-37.997533,-57.548328,34
s117,-38.000992,-57.541541,35
s117,-38.002161,-57.542015,36
s117,-38.006006,-57.545156,37
s117,-38.012396,-57.5324,38
s117,-38.013563,-57.532389,39
s117,-38.015507,-57.531542,40
s117,-38.0162,-57.53064,41
s117,-38.016766,-57.529825,42
s117,-38.017003,-57.525383,43
s117,-38.017578,-57.524879,44
s117,-38.01904,-57.525415,45
s117,-38.019911,-57.525748,46
s117,-38.020274,-57.527776,47
s117,-38.023714,-57.527894,48
s117,-38.024204,-57.528484,49
s117,-38.025998,-57.532053,50
s117,-38.029453,-57.533956,51
s117,-38.030889,-57.533473,52
s117,-38.032351,-57.534417,53
s117,-38.033357,-57.536058,54
s117,-38.035757,-57.538322,55
s117,-38.039289,-57.540854,56
s117,-38.040911,-57.542442,57
s117,-38.042736,-57.543494,58
s117,-38.044798,-57.543912,59
s117,-38.04637,-57.541831,60
s117,-38.04935,-57.541344,61
s117,-38.04942,-57.543451,62
s117,-38.049808,-57.544073,63
s117,-38.051329,-57.544813,64
s117,-38.053872,-57.547034,65
s117,-38.055131,-57.547388,66
s117,-38.057293,-57.546101,67
s117,-38.059127,-57.544588,68
s117,-38.061137,-57.545832,69
s117,-38.063572,-57.546737,70
s117,-38.065538,-57.547452,71
s117,-38.067819,-57.547774,72
s117,-38.071907,-57.547635,73
s117,-38.075226,-57.545671,74
s117,-38.077962,-57.543601,75
s117,-38.07939,-57.541004,76
s117,-38.080699,-57.539642,77
s117,-38.081543,-57.538762,78
s117,-38.082185,-57.538548,79
s117,-38.083502,-57.540007,80
s117,-38.084262,-57.541112,81
s117,-38.085073,-57.541906,82
s117,-38.087784,-57.54329,83
s117,-38.092734,-57.548297,84
s11,-38.050085,-57.539542,1
s11,-38.049278,-57.539477,2
s11,-38.049354,-57.541274,3
s11,-38.046325,-57.54187,4
s11,-38.042265,-57.547299,5
s11,-38.039452,-57.543924,6
s11,-38.038695,-57.544842,7
s11,-38.029884,-57.537764,8
s11,-38.029079,-57.537042,9
s11,-38.02203,-57.551075,10
s11,-38.011752,-57.54276,11
s11,-38.007732,-57.539563,12
s11,-38.006684,-57.541553,13
s11,-38.005894,-57.542294,14
s11,-38.00501,-57.542583,15
s11,-38.003759,-57.542519,16
s11,-38.002402,-57.541787,17
s11,-38.001878,-57.541645,18
s11,-38.000115,-57.541382,19
s11,-37.998864,-57.541655,20
s11,-37.998741,-57.542009,21
s11,-37.99916,-57.542444,22
s11,-37.997579,-57.547996,23
s11,-37.997448,-57.548082,24
s11,-37.997338,-57.548656,25
s11,-37.995013,-57.553414,26
s11,-37.990959,-57.561359,27
s11,-37.982278,-57.578455,28
s11,-37.980367,-57.581985,29
s11,-37.979674,-57.582092,30
s11,-37.97975,-57.58324,31
s11,-37.972612,-57.597563,32
s11,-37.966548,-57.609537,33
s11,-37.965727,-57.608839,34
s11,-37.965211,-57.609859,35
s11,-37.966044,-57.610529,36
s11,-37.96928,-57.61312,37
s11,-37.967774,-57.616124,38
s11,-37.966201,-57.614847,39
s11,-37.965668,-57.615824,40
s11,-37.963968,-57.614456,41
s11,-37.958292,-57.625533,42
s11,-37.957556,-57.624933,43
s11,-37.957023,-57.62592,44
s11,-37.958144,-57.626805,45
s11,-37.958038,-57.627057,46
s13,-37.958038,-57.627057,1
s13,-37.957839,-57.626874,2
s13,-37.964146,-57.61459,3
s13,-37.965702,-57.615834,4
s13,-37.966201,-57.614794,5
s13,-37.967791,-57.616092,6
s13,-37.96928,-57.613142,7
s13,-37.966044,-57.610529,8
s13,-37.972612,-57.597563,9
s13,-37.979944,-57.583337,10
s13,-37.980832,-57.582951,11
s13,-37.98068,-57.581749,12
s13,-37.982278,-57.578455,13
s13,-37.990959,-57.561359,14
s13,-37.995013,-57.553414,15
s13,-37.997363,-57.548629,16
s13,-37.997769,-57.548318,17
s13,-37.997744,-57.547889,18
s13,-38.000923,-57.541602,19
s13,-38.001912,-57.541838,20
s13,-38.002529,-57.542224,21
s13,-38.005175,-57.544456,22
s13,-38.00925,-57.54776,23
s13,-38.011752,-57.54276,24
s13,-38.012252,-57.541769,25
s13,-38.023315,-57.550737,26
s13,-38.029884,-57.537764,27
s13,-38.038738,-57.54481,28
s13,-38.041576,-57.548232,29
s13,-38.060577,-57.571224,30
s13,-38.061718,-57.572597,31
s13,-38.062182,-57.572994,32
s13,-38.062833,-57.573359,33
s13,-38.0635,-57.573541,34
s13,-38.064717,-57.573584,35
s13,-38.069185,-57.57338,36
s13,-38.069641,-57.573434,37
s13,-38.070351,-57.573584,38
s13,-38.070959,-57.573971,39
s13,-38.071677,-57.574593,40
s13,-38.083914,-57.589334,41
s13,-38.086431,-57.592371,42
s13,-38.099577,-57.607981,43
s13,-38.101232,-57.609816,44
s13,-38.102938,-57.611575,45
s13,-38.105158,-57.614279,46
s13,-38.111126,-57.606447,47
s39,-37.95122,-57.609043,1
s39,-37.950998,-57.608937,2
s39,-37.950721,-57.609419,3
s39,-37.947548,-57.606887,4
s39,-37.948597,-57.604816,5
s39,-37.951778,-57.60738,6
s39,-37.958867,-57.593349,7
s39,-37.966801,-57.577811,8
s39,-37.967182,-57.577736,9
s39,-37.968011,-57.577146,10
s39,-37.97147,-57.576234,11
s39,-37.972883,-57.576739,12
s39,-37.975006,-57.57838,13
s39,-37.975225,-57.578884,14
s39,-37.975682,-57.578799,15
s39,-37.97564,-57.578048,16
s39,-37.976925,-57.575548,17
s39,-37.98013,-57.578144,18
s39,-37.981145,-57.576117,19
s39,-37.988815,-57.561042,20
s39,-37.993364,-57.55203,21
s39,-37.995047,-57.553371,22
s39,-37.99607,-57.551204,23
s39,-38.000931,-57.541602,24
s39,-38.001912,-57.54187,25
s39,-38.005175,-57.544456,26
s39,-38.006012,-57.54511,27
s39,-38.008007,-57.541215,28
s39,-38.014423,-57.546322,29
s39,-38.014643,-57.545941,30
s91,-38.050085,-57.539542,1
s91,-38.049268,-57.539459,2
s91,-38.049377,-57.541316,3
s91,-38.046285,-57.541873,4
s91,-38.041562,-57.548236,5
s91,-38.044302,-57.551479,6
s91,-38.036458,-57.561883,7
s91,-38.035216,-57.560349,8
s91,-38.033771,-57.566668,9
s91,-38.033644,-57.566646,10
s91,-38.032715,-57.567934,11
s91,-38.033306,-57.568663,12
s91,-38.03247,-57.571882,13
s91,-38.029385,-57.56817,14
s91,-38.031185,-57.565767,15
s91,-38.026934,-57.56066,16
s91,-38.018958,-57.571242,17
s91,-38.00127,-57.556935,18
s91,-37.995539,-57.55228,19
s91,-37.998583,-57.546229,20
s91,-38.00095,-57.541595,21
s91,-38.002049,-57.541863,22
s91,-38.005989,-57.545146,23
s91,-38.007012,-57.543193,24
s91,-38.010249,-57.5458,25
s91,-38.011752,-57.54276,26
s102,-38.04385,-57.651787,1
s102,-38.040842,-57.648075,2
s102,-38.044052,-57.643719,3
s102,-38.042582,-57.641981,4
s102,-38.039321,-57.646294,5
s102,-38.017466,-57.619879,6
s102,-38.019478,-57.617261,7
s102,-38.018734,-57.616467,8
s102,-38.022689,-57.611275,9
s102,-38.021303,-57.609665,10
s102,-38.025597,-57.603958,11
s102,-38.022825,-57.600675,12
s102,-38.02061,-57.603528,13
s102,-38.015133,-57.597005,14
s102,-38.018058,-57.593143,15
s102,-38.010619,-57.584195,16
s102,-38.011262,-57.583337,17
s102,-38.010484,-57.582436,18
s102,-38.012351,-57.580027,19
s102,-37.990447,-57.562394,20
s102,-37.995013,-57.553414,21
s102,-37.999663,-57.544198,22
s102,-37.999189,-57.543855,23
s108,-38.050085,-57.539542,1
s108,-38.049274,-57.539443,2
s108,-38.049299,-57.541249,3
s108,-38.04633,-57.541834,4
s108,-38.041538,-57.548229,5
s108,-38.046969,-57.554823,6
s108,-38.041771,-57.561704,7
s108,-38.047223,-57.568288,8
s108,-38.044621,-57.571719,9
s108,-38.048811,-57.576689,10
s108,-38.045547,-57.580957,11
s108,-38.044185,-57.579347,12
s108,-38.039376,-57.585726,13
s108,-38.03319,-57.578216,14
s108,-38.022947,-57.56592,15
s108,-38.021815,-57.564955,16
s108,-38.013049,-57.557884,17
s108,-38.003438,-57.550149,18
s108,-38.00102,-57.548261,19
s108,-38.00386,-57.542596,20
s108,-38.003743,-57.542458,21
s108,-38.003148,-57.542013,22
s108,-38.002675,-57.5418,23
s108,-38.000969,-57.541423,24
s108,-38.000114,-57.541364,25
s108,-37.998874,-57.541667,26
s108,-37.998772,-57.54205,27
s108,-37.998963,-57.542316,28
s108,-37.998258,-57.544596,29
s108,-37.994663,-57.551635,30
s108,-37.995536,-57.5523,31
s108,-37.997198,-57.553647,32
s108,-37.993108,-57.561672,33
s108,-37.99141,-57.560395,34
s108,-37.983332,-57.553829,35
s108,-37.975456,-57.547452,36
s108,-37.974441,-57.549437,37
s108,-37.969629,-57.545553,38
s108,-37.957416,-57.569654,39
s108,-37.951704,-57.580937,40
s108,-37.951086,-57.581366,41
s108,-37.951222,-57.582021,42
s108,-37.938928,-57.60615,43
s108,-37.939248,-57.606676,44
s109,-38.050085,-57.539542,1
s109,-38.049265,-57.539488,2
s109,-38.049341,-57.541291,3
s109,-38.046308,-57.541859,4
s109,-38.03894,-57.55174,5
s109,-38.036152,-57.548404,6
s109,-38.035493,-57.549284,7
s109,-38.026298,-57.561514,8
s109,-38.018243,-57.572147,9
s109,-38.006967,-57.587135,10
s109,-37.995123,-57.602815,11
s109,-37.991056,-57.608163,12
s109,-37.985445,-57.603588,13
s109,-37.980689,-57.59973,14
s109,-37.981247,-57.598668,15
s109,-37.979581,-57.597349,16
s109,-37.977492,-57.60149,17
s109,-37.972612,-57.597563,18
s109,-37.967757,-57.593615,19
s109,-37.96725,-57.594613,20
s109,-37.960855,-57.589442,21
s109,-37.962911,-57.585343,22
s109,-37.956566,-57.580172,23
s109,-37.951499,-57.581481,24
s109,-37.952742,-57.57882,25
s109,-37.951042,-57.577683,26
s109,-37.951719,-57.576331,27
s109,-37.945399,-57.571256,28
s109,-37.943859,-57.569958,29
s109,-37.947912,-57.561868,30
s109,-37.943732,-57.5585,31
s109,-37.943521,-57.557695,32
s109,-37.932385,-57.544241,33
s109,-37.928797,-57.548951,34
s109,-37.928374,-57.547642,35
s109,-37.926775,-57.545786,36
s109,-37.926106,-57.54541,37
s109,-37.92388,-57.542739,38
s109,-37.932394,-57.531527,39
s109,-37.935764,-57.532659,40
s118,-37.987707,-57.612562,1
s118,-37.98287,-57.608657,2
s118,-37.981856,-57.610652,3
s118,-37.981069,-57.610019,4
s118,-37.981568,-57.609043,5
s118,-37.980756,-57.608378,6
s118,-37.982803,-57.604365,7
s118,-37.984376,-57.605674,8
s118,-37.985458,-57.603614,9
s118,-37.987826,-57.605503,10
s118,-37.987234,-57.606618,11
s118,-37.988062,-57.607284,12
s118,-37.990637,-57.602091,13
s118,-37.998729,-57.586121,14
s118,-38.006883,-57.570017,15
s118,-38.013544,-57.556874,16
s118,-38.014085,-57.55585,17
s118,-38.010856,-57.553318,18
s118,-38.014896,-57.545314,19
s118,-38.011752,-57.54276,20
s118,-38.01094,-57.542117,21
s118,-38.009943,-57.544177,22
s118,-38.006663,-57.541473,23
s118,-38.005868,-57.542396,24
s118,-38.004313,-57.542653,25
s118,-38.002402,-57.541787,26
s118,-38.000424,-57.541366,27
s118,-37.998885,-57.54158,28
s118,-37.998733,-57.542074,29
s118,-37.99913,-57.542439,30
s118,-37.997549,-57.548221,31
s118,-37.99607,-57.551204,32
s118,-37.995537,-57.552288,33
s118,-37.992316,-57.549691,34
s118,-37.992865,-57.548586,35
s118,-37.992062,-57.547975,36
s118,-37.991191,-57.547277,37
s118,-37.988621,-57.552481,38
s118,-37.979454,-57.570548,39
s118,-37.969305,-57.590547,40
s118,-37.962894,-57.585365,41
s118,-37.95885,-57.5934,42
s118,-37.954105,-57.589549,43
s118,-37.954587,-57.588583,44
s118,-37.953817,-57.58794,45
s118,-37.953292,-57.589002,46
s118,-37.958774,-57.593508,47
s118,-37.950949,-57.608936,48
s118,-37.95122,-57.609043,49
s1,-37.990943,-57.608331,1
s1,-37.998779,-57.59795,2
s1,-37.999287,-57.59788,3
s1,-37.999625,-57.598035,4
s1,-37.999857,-57.597928,5
s1,-37.999921,-57.597665,6
s1,-37.999764,-57.597209,7
s1,-37.999849,-57.59663,8
s1,-38.00036,-57.595906,9
s1,-38.000986,-57.59501,10
s1,-38.009199,-57.604864,11
s1,-38.015125,-57.596984,12
s1,-38.027139,-57.581078,13
s1,-38.039177,-57.565141,14
s1,-38.037145,-57.562662,15
s1,-38.037808,-57.561847,16
s1,-38.045328,-57.570859,17
s1,-38.044659,-57.571727,18
s1,-38.052827,-57.581572,19
s1,-38.060577,-57.571224,20
s1,-38.061828,-57.57271,21
s1,-38.062381,-57.573128,22
s1,-38.063057,-57.573434,23
s1,-38.063876,-57.57359,24
s1,-38.065532,-57.573525,25
s1,-38.069552,-57.573402,26
s1,-38.070435,-57.573659,27
s1,-38.071149,-57.57411,28
s1,-38.086431,-57.592488,29
s1,-38.075257,-57.60709,30
s1,-38.07209,-57.603195,31
s1,-38.071144,-57.60444,32
s1,-38.072572,-57.606157,33
s1,-38.073433,-57.605041,34
s1,-38.075258,-57.607273,35
s1,-38.076981,-57.605095,36
s1,-38.07796,-57.606297,37
s1,-38.079649,-57.604043,38
s1,-38.07867,-57.602906,39
s1,-38.08649,-57.592607,40
s1,-38.08752,-57.593679,41
s1,-38.102701,-57.573466,42
s1,-38.104761,-57.57588,43
s1,-38.103258,-57.577962,44
s1,-38.109919,-57.586051,45
s1,-38.096352,-57.604043,46
s1,-38.090289,-57.612004,47
s1,-38.084457,-57.619807,48
s1,-38.089331,-57.625651,49
s1,-38.081604,-57.63586,50
s1,-38.081647,-57.635951,51
s1,-38.089411,-57.625625,52
s1,-38.084514,-57.619801,53
s1,-38.090349,-57.612047,54
s1,-38.080502,-57.600117,55
s1,-38.075275,-57.60693,56
s1,-38.072014,-57.60326,57
s3,-37.958038,-57.627057,1
s3,-37.957846,-57.626869,2
s3,-37.964116,-57.614585,3
s3,-37.965698,-57.61584,4
s3,-37.966205,-57.614826,5
s3,-37.967766,-57.616108,6
s3,-37.969267,-57.613104,7
s3,-37.966044,-57.610529,8
s3,-37.972612,-57.597563,9
s3,-37.979868,-57.583262,10
s3,-37.980587,-57.582757,11
s3,-37.980714,-57.581599,12
s3,-37.982278,-57.578455,13
s3,-37.990959,-57.561359,14
s3,-37.995013,-57.553414,15
s3,-37.997448,-57.548468,16
s3,-37.997778,-57.548318,17
s3,-37.99771,-57.547985,18
s3,-38.000931,-57.54158,19
s3,-38.001998,-57.541867,20
s3,-38.005175,-57.544456,21
s3,-38.009243,-57.547776,22
s3,-38.011752,-57.54276,23
s3,-38.012248,-57.541768,24
s3,-38.023315,-57.550721,25
s3,-38.029884,-57.537764,26
s3,-38.03883,-57.544971,27
s3,-38.040157,-57.543136,28
s3,-38.043579,-57.547277,29
s3,-38.045768,-57.544327,30
s3,-38.045354,-57.543361,31
s3,-38.046325,-57.541924,32
s3,-38.04935,-57.541344,33
s3,-38.049485,-57.54349,34
s3,-38.049671,-57.543908,35
s3,-38.051555,-57.545089,36
s3,-38.052028,-57.545732,37
s3,-38.054014,-57.547191,38
s3,-38.054892,-57.547406,39
s3,-38.055652,-57.547202,40
s3,-38.056979,-57.546387,41
s3,-38.058956,-57.544659,42
s3,-38.060552,-57.545571,43
s3,-38.065532,-57.547449,44
s3,-38.067386,-57.547733,45
s3,-38.069844,-57.547744,46
s3,-38.071791,-57.547588,47
s3,-38.074265,-57.546414,48
s3,-38.07617,-57.544847,49
s3,-38.077622,-57.543892,50
s3,-38.078302,-57.54319,51
s3,-38.079366,-57.541076,52
s3,-38.081613,-57.538839,53
s3,-38.082098,-57.538689,54
s3,-38.082614,-57.538914,55
s3,-38.083492,-57.539982,56
s3,-38.084712,-57.541628,57
s3,-38.087714,-57.543232,58
s3,-38.088318,-57.543796,59
s3,-38.092088,-57.547722,60
s3,-38.092734,-57.548297,61
s3,-38.093097,-57.548696,62
s3,-38.090737,-57.5641,63
s3,-38.09213,-57.565763,64
s3,-38.093836,-57.563499,65
s3,-38.095271,-57.562062,66
s3,-38.100683,-57.570999,67
s3,-38.104778,-57.57588,68
s3,-38.103284,-57.577972,69
s3,-38.10577,-57.58096,70
s3,-38.109938,-57.586057,71
s3,-38.108881,-57.587435,72
s3,-38.11758,-57.597826,73
s3,-38.105133,-57.614322,74
s3,-38.111278,-57.621853,75
s4,-37.958038,-57.627057,1
s4,-37.957833,-57.626885,2
s4,-37.964146,-57.614558,3
s4,-37.965685,-57.615824,4
s4,-37.966218,-57.614826,5
s4,-37.967766,-57.616113,6
s4,-37.969297,-57.613142,7
s4,-37.966044,-57.610529,8
s4,-37.972612,-57.597563,9
s4,-37.979894,-57.58324,10
s4,-37.980579,-57.582833,11
s4,-37.980722,-57.581609,12
s4,-37.982278,-57.578455,13
s4,-37.990959,-57.561359,14
s4,-37.995013,-57.553414,15
s4,-37.997414,-57.548554,16
s4,-37.997803,-57.548329,17
s4,-37.997752,-57.547985,18
s4,-38.000931,-57.541612,19
s4,-38.00192,-57.541859,20
s4,-38.005175,-57.544456,21
s4,-38.009241,-57.547739,22
s4,-38.011752,-57.54276,23
s4,-38.012252,-57.541772,24
s4,-38.023317,-57.550724,25
s4,-38.029884,-57.537764,26
s4,-38.038864,-57.54496,27
s4,-38.040191,-57.54319,28
s4,-38.043579,-57.547256,29
s4,-38.04581,-57.544327,30
s4,-38.045345,-57.543318,31
s4,-38.046384,-57.541838,32
s4,-38.04935,-57.541344,33
s4,-38.049485,-57.543544,34
s4,-38.052146,-57.5457,35
s4,-38.054132,-57.547266,36
s4,-38.055238,-57.547342,37
s4,-38.055771,-57.54717,38
s4,-38.057283,-57.54614,39
s4,-38.058989,-57.544659,40
s4,-38.060358,-57.545485,41
s4,-38.065532,-57.54746,42
s4,-38.067263,-57.547739,43
s4,-38.07046,-57.54776,44
s4,-38.071334,-57.547674,45
s4,-38.072069,-57.547497,46
s4,-38.07432,-57.546355,47
s4,-38.077926,-57.543576,48
s4,-38.079261,-57.541237,49
s4,-38.081642,-57.538823,50
s4,-38.082267,-57.538694,51
s4,-38.082698,-57.538995,52
s4,-38.08448,-57.541376,53
s4,-38.085164,-57.541934,54
s4,-38.087663,-57.543168,55
s4,-38.08958,-57.54526,56
s4,-38.09197,-57.547578,57
s4,-38.092734,-57.548297,58
s4,-38.093129,-57.548765,59
s4,-38.091928,-57.556418,60
s4,-38.093489,-57.559058,61
s4,-38.095272,-57.562051,62
s4,-38.098328,-57.559127,63
s4,-38.09886,-57.559964,64
s4,-38.098911,-57.559497,65
s9,-38.092734,-57.548297,1
s9,-38.093443,-57.549294,2
s9,-38.093785,-57.549155,3
s9,-38.093794,-57.548656,4
s9,-38.092624,-57.546896,5
s9,-38.091624,-57.54599,6
s9,-38.089796,-57.54518,7
s9,-38.087972,-57.543211,8
s9,-38.087554,-57.542878,9
s9,-38.085582,-57.541972,10
s9,-38.085079,-57.5415,11
s9,-38.083787,-57.539724,12
s9,-38.083133,-57.539086,13
s9,-38.082212,-57.538453,14
s9,-38.081571,-57.538571,15
s9,-38.079996,-57.540185,16
s9,-38.079244,-57.540926,17
s9,-38.077821,-57.542841,18
s9,-38.076824,-57.543324,19
s9,-38.076073,-57.544059,20
s9,-38.075595,-57.544724,21
s9,-38.074493,-57.54584,22
s9,-38.073416,-57.546515,23
s9,-38.072369,-57.546907,24
s9,-38.071136,-57.547036,25
s9,-38.066102,-57.546816,26
s9,-38.065181,-57.546709,27
s9,-38.05969,-57.544338,28
s9,-38.05893,-57.544445,29
s9,-38.056666,-57.546408,30
s9,-38.055213,-57.54717,31
s9,-38.054258,-57.547127,32
s9,-38.051901,-57.545389,33
s9,-38.049519,-57.543747,34
s9,-38.049384,-57.541301,35
s9,-38.049933,-57.540818,36
s9,-38.050085,-57.539542,37
s9,-38.049274,-57.539467,38
s9,-38.049341,-57.541183,39
s9,-38.046325,-57.54187,40
s9,-38.042219,-57.547266,41
s9,-38.039447,-57.54393,42
s9,-38.038721,-57.544842,43
s9,-38.029884,-57.537764,44
s9,-38.029079,-57.537117,45
s9,-38.022064,-57.551086,46
s9,-38.011752,-57.54276,47
s9,-38.007728,-57.539563,48
s9,-38.006731,-57.541473,49
s9,-38.006156,-57.542084,50
s9,-38.005412,-57.542492,51
s9,-38.004609,-57.542567,52
s9,-38.003789,-57.542524,53
s9,-38.003011,-57.542213,54
s9,-38.002402,-57.541787,55
s9,-38.001219,-57.541505,56
s9,-38.000272,-57.541376,57
s9,-37.998919,-57.541612,58
s9,-37.99875,-57.541988,59
s9,-37.999173,-57.542471,60
s9,-37.9976,-57.547921,61
s9,-37.997389,-57.54806,62
s9,-37.997321,-57.548651,63
s9,-37.995013,-57.553414,64
s9,-37.990959,-57.561359,65
s9,-37.982278,-57.578455,66
s9,-37.980494,-57.581813,67
s9,-37.979708,-57.582135,68
s9,-37.979758,-57.583219,69
s9,-37.972612,-57.597563,70
s9,-37.966044,-57.610529,71
s9,-37.96928,-57.613109,72
s9,-37.967766,-57.616103,73
s9,-37.966209,-57.614858,74
s9,-37.965685,-57.615834,75
s9,-37.963964,-57.61444,76
s9,-37.958258,-57.625501,77
s9,-37.957548,-57.624911,78
s9,-37.957006,-57.625952,79
s9,-37.95814,-57.626821,80
s9,-37.958038,-57.627057,81
s10,-38.111126,-57.606447,1
s10,-38.105217,-57.6143,2
s10,-38.100455,-57.609,3
s10,-38.092215,-57.599022,4
s10,-38.079176,-57.58368,5
s10,-38.071254,-57.574196,6
s10,-38.070427,-57.573659,7
s10,-38.069514,-57.573466,8
s10,-38.068737,-57.57338,9
s10,-38.063635,-57.573509,10
s10,-38.062757,-57.573338,11
s10,-38.062182,-57.572887,12
s10,-38.060577,-57.571224,13
s10,-38.044302,-57.551479,14
s10,-38.038822,-57.544906,15
s10,-38.029884,-57.537764,16
s10,-38.02907,-57.537117,17
s10,-38.022022,-57.551086,18
s10,-38.011752,-57.54276,19
s10,-38.00772,-57.539552,20
s10,-38.006731,-57.541527,21
s10,-38.006189,-57.542095,22
s10,-38.005344,-57.542503,23
s10,-38.004254,-57.54261,24
s10,-38.003307,-57.542342,25
s10,-38.002402,-57.541787,26
s10,-38.001853,-57.541645,27
s10,-38.0005,-57.541398,28
s10,-37.999181,-57.541559,29
s10,-37.99875,-57.541827,30
s10,-37.999173,-57.542428,31
s10,-37.997625,-57.547878,32
s10,-37.997422,-57.54805,33
s10,-37.997321,-57.548651,34
s10,-37.995013,-57.553414,35
s10,-37.990959,-57.561359,36
s10,-37.982278,-57.578455,37
s10,-37.980486,-57.581803,38
s10,-37.979733,-57.582082,39
s10,-37.979834,-57.583133,40
s10,-37.972612,-57.597563,41
s10,-37.966522,-57.609547,42
s10,-37.965719,-57.608829,43
s10,-37.965203,-57.609837,44
s10,-37.966044,-57.610529,45
s10,-37.969288,-57.613109,46
s10,-37.967749,-57.616113,47
s10,-37.966192,-57.614826,48
s10,-37.965685,-57.615845,49
s10,-37.963968,-57.614456,50
s10,-37.958309,-57.625539,51
s10,-37.957552,-57.624949,52
s10,-37.957023,-57.625925,53
s10,-37.958157,-57.626821,54
s10,-37.958038,-57.627057,55
s5,-37.958038,-57.627057,1
s5,-37.957806,-57.626917,2
s5,-37.964137,-57.614579,3
s5,-37.96571,-57.615813,4
s5,-37.966201,-57.614826,5
s5,-37.967783,-57.616113,6
s5,-37.96928,-57.61312,7
s5,-37.966044,-57.610529,8
s5,-37.972612,-57.597563,9
s5,-37.979877,-57.58323,10
s5,-37.980519,-57.58294,11
s5,-37.980672,-57.581695,12
s5,-37.982278,-57.578455,13
s5,-37.990959,-57.561359,14
s5,-37.995013,-57.553414,15
s5,-37.997355,-57.548704,16
s5,-37.997761,-57.548318,17
s5,-37.997761,-57.54791,18
s5,-38.000923,-57.541612,19
s5,-38.001912,-57.541859,20
s5,-38.005175,-57.544456,21
s5,-38.00925,-57.547728,22
s5,-38.011752,-57.54276,23
s5,-38.012257,-57.541769,24
s5,-38.023311,-57.55071,25
s5,-38.029884,-57.537764,26
s5,-38.038864,-57.54496,27
s5,-38.040174,-57.54319,28
s5,-38.043605,-57.547266,29
s5,-38.045835,-57.544295,30
s5,-38.045337,-57.543243,31
s5,-38.046308,-57.541913,32
s5,-38.04935,-57.541344,33
s5,-38.049544,-57.543705,34
s5,-38.052087,-57.545689,35
s5,-38.054115,-57.547266,36
s5,-38.054867,-57.547395,37
s5,-38.05572,-57.547159,38
s5,-38.056658,-57.54658,39
s5,-38.058702,-57.54482,40
s5,-38.059048,-57.544681,41
s5,-38.060966,-57.545743,42
s5,-38.061878,-57.546118,43
s5,-38.065392,-57.547395,44
s5,-38.067259,-57.547717,45
s5,-38.071052,-57.547663,46
s5,-38.071854,-57.547599,47
s5,-38.074075,-57.546494,48
s5,-38.076085,-57.544917,49
s5,-38.077698,-57.543855,50
s5,-38.07818,-57.543415,51
s5,-38.079286,-57.541173,52
s5,-38.081625,-57.538834,53
s5,-38.082217,-57.538716,54
s5,-38.082934,-57.539231,55
s5,-38.084505,-57.541419,56
s5,-38.085088,-57.541891,57
s5,-38.087706,-57.543211,58
s5,-38.089217,-57.544863,59
s5,-38.092734,-57.548297,60
s5,-38.093059,-57.548747,61
s5,-38.091928,-57.556386,62
s5,-38.095254,-57.562051,63
s5,-38.099003,-57.558467,64
s5,-38.099544,-57.558403,65
s5,-38.102034,-57.562448,66
s5,-38.102803,-57.563993,67
s5,-38.104145,-57.56749,68
s5,-38.105192,-57.570087,69
s5,-38.107623,-57.57485,70
s5,-38.108843,-57.577007,71
s5,-38.109826,-57.579367,72
s5,-38.111135,-57.583272,73
s5,-38.111658,-57.584646,74
s5,-38.112325,-57.58589,75
s5,-38.116504,-57.59163,76
s5,-38.117888,-57.593347,77
s5,-38.122429,-57.598014,78
s5,-38.126539,-57.602241,79
s5,-38.129282,-57.605127,80
s5,-38.131054,-57.606715,81
s5,-38.132793,-57.607595,82
s5,-38.134962,-57.608131,83
s5,-38.139324,-57.608979,84
s5,-38.140624,-57.60944,85
s5,-38.144193,-57.611371,86
s5,-38.145746,-57.612541,87
s5,-38.149737,-57.616274,88
s5,-38.152082,-57.618699,89
s5,-38.156326,-57.623538,90
s5,-38.159675,-57.6274,91
s5,-38.163842,-57.632121,92
s5,-38.172421,-57.641315,93
s5,-38.182912,-57.656937,94
s5,-38.183891,-57.658095,95
s5,-38.188141,-57.660799,96
s5,-38.189659,-57.662559,97
s5,-38.192863,-57.66685,98
s5,-38.193875,-57.669597,99
s5,-38.194819,-57.672043,100
s5,-38.19573,-57.673073,101
s5,-38.197281,-57.674446,102
s5,-38.198866,-57.676034,103
s5,-38.201134,-57.679478,104
s5,-38.202205,-57.681516,105
s5,-38.202618,-57.683158,106
s5,-38.20288,-57.686859,107
s5,-38.203175,-57.688769,108
s5,-38.203655,-57.690153,109
s5,-38.206709,-57.696537,110
s5,-38.208975,-57.700979,111
s5,-38.209835,-57.70203,112
s5,-38.210535,-57.702674,113
s5,-38.212625,-57.703596,114
s5,-38.214775,-57.704562,115
s5,-38.215525,-57.705045,116
s5,-38.216351,-57.705828,117
s5,-38.217211,-57.706976,118
s5,-38.218003,-57.708532,119
s5,-38.221274,-57.715902,120
s5,-38.222395,-57.718402,121
s5,-38.222968,-57.720022,122
s5,-38.223448,-57.722082,123
s5,-38.223904,-57.724528,124
s5,-38.224241,-57.725708,125
s5,-38.224805,-57.72676,126
s5,-38.225286,-57.727382,127
s5,-38.227165,-57.729077,128
s5,-38.227915,-57.729871,129
s5,-38.228489,-57.730708,130
s5,-38.229348,-57.732843,131
s5,-38.230216,-57.735622,132
s5,-38.23057,-57.737274,133
s5,-38.230772,-57.738873,134
s5,-38.230772,-57.740686,135
s5,-38.230587,-57.742971,136
s5,-38.230697,-57.745117,137
s5,-38.231034,-57.747059,138
s5,-38.233115,-57.75296,139
s5,-38.235104,-57.75841,140
s5,-38.235778,-57.759826,141
s5,-38.238458,-57.764869,142
s5,-38.239537,-57.766982,143
s5,-38.240337,-57.769418,144
s5,-38.240776,-57.772325,145
s5,-38.241264,-57.774739,146
s6,-38.111278,-57.621853,1
s6,-38.105166,-57.61429,2
s6,-38.117584,-57.597821,3
s6,-38.108902,-57.587435,4
s6,-38.109923,-57.586032,5
s6,-38.10577,-57.58096,6
s6,-38.103267,-57.577978,7
s6,-38.104786,-57.575907,8
s6,-38.100662,-57.570988,9
s6,-38.098041,-57.566578,10
s6,-38.099037,-57.558478,11
s6,-38.094039,-57.563199,12
s6,-38.092139,-57.565763,13
s6,-38.090762,-57.564089,14
s6,-38.093095,-57.548739,15
s6,-38.093458,-57.549286,16
s6,-38.093756,-57.549227,17
s6,-38.093855,-57.548787,18
s6,-38.092975,-57.547384,19
s6,-38.091835,-57.546108,20
s6,-38.089741,-57.545131,21
s6,-38.088145,-57.543329,22
s6,-38.085358,-57.541784,23
s6,-38.084488,-57.540722,24
s6,-38.083804,-57.539724,25
s6,-38.082445,-57.538555,26
s6,-38.081777,-57.538458,27
s6,-38.079269,-57.540915,28
s6,-38.077859,-57.542782,29
s6,-38.076778,-57.54334,30
s6,-38.075807,-57.544402,31
s6,-38.075148,-57.545217,32
s6,-38.07421,-57.546043,33
s6,-38.072791,-57.546773,34
s6,-38.071195,-57.547009,35
s6,-38.06611,-57.546827,36
s6,-38.064742,-57.546548,37
s6,-38.061464,-57.545056,38
s6,-38.05953,-57.544295,39
s6,-38.058753,-57.544574,40
s6,-38.056539,-57.546473,41
s6,-38.054858,-57.547213,42
s6,-38.054132,-57.547041,43
s6,-38.052096,-57.545475,44
s6,-38.049612,-57.543823,45
s6,-38.049409,-57.54335,46
s6,-38.049375,-57.541333,47
s6,-38.049941,-57.540765,48
s6,-38.050085,-57.539542,49
s6,-38.049257,-57.539467,50
s6,-38.049333,-57.541205,51
s6,-38.046351,-57.541881,52
s6,-38.042236,-57.54732,53
s6,-38.039456,-57.543962,54
s6,-38.038712,-57.544852,55
s6,-38.029884,-57.537764,56
s6,-38.029104,-57.537085,57
s6,-38.022039,-57.551075,58
s6,-38.011752,-57.54276,59
s6,-38.007728,-57.539574,60
s6,-38.006663,-57.541591,61
s6,-38.005894,-57.54232,62
s6,-38.004642,-57.54261,63
s6,-38.003679,-57.542492,64
s6,-38.002402,-57.541787,65
s6,-38.001768,-57.541591,66
s6,-38.000403,-57.541382,67
s6,-37.999684,-57.541425,68
s6,-37.998919,-57.541623,69
s6,-37.998763,-57.542025,70
s6,-37.999164,-57.542455,71
s6,-37.997587,-57.547958,72
s6,-37.997439,-57.548093,73
s6,-37.997325,-57.54871,74
s6,-37.995013,-57.553414,75
s6,-37.990959,-57.561359,76
s6,-37.982278,-57.578455,77
s6,-37.980494,-57.581813,78
s6,-37.979868,-57.582264,79
s6,-37.979851,-57.583294,80
s6,-37.972612,-57.597563,81
s6,-37.966535,-57.609531,82
s6,-37.965706,-57.608829,83
s6,-37.965199,-57.609826,84
s6,-37.966044,-57.610529,85
s6,-37.96928,-57.61312,86
s6,-37.967749,-57.616092,87
s6,-37.966192,-57.614847,88
s6,-37.965677,-57.615834,89
s6,-37.963964,-57.61445,90
s6,-37.958267,-57.625544,91
s6,-37.957539,-57.624922,92
s6,-37.957006,-57.625941,93
s6,-37.958182,-57.626842,94
s6,-37.958038,-57.627057,95
s7,-38.098911,-57.559497,1
s7,-38.098853,-57.559948,2
s7,-38.098328,-57.559114,3
s7,-38.09525,-57.56204,4
s7,-38.091919,-57.556402,5
s7,-38.09311,-57.548752,6
s7,-38.093422,-57.549246,7
s7,-38.09376,-57.549208,8
s7,-38.093853,-57.548769,9
s7,-38.092975,-57.547384,10
s7,-38.09205,-57.546301,11
s7,-38.091505,-57.54592,12
s7,-38.089758,-57.545148,13
s7,-38.088157,-57.543361,14
s7,-38.087406,-57.542798,15
s7,-38.08559,-57.541977,16
s7,-38.08494,-57.541333,17
s7,-38.083779,-57.53967,18
s7,-38.08274,-57.538775,19
s7,-38.082048,-57.538404,20
s7,-38.081554,-57.538571,21
s7,-38.079282,-57.540861,22
s7,-38.078623,-57.541886,23
s7,-38.077796,-57.542852,24
s7,-38.076791,-57.543356,25
s7,-38.076085,-57.54408,26
s7,-38.074971,-57.545443,27
s7,-38.073978,-57.546178,28
s7,-38.072758,-57.546784,29
s7,-38.071651,-57.547004,30
s7,-38.065502,-57.546751,31
s7,-38.064489,-57.546424,32
s7,-38.061,-57.544852,33
s7,-38.059674,-57.544316,34
s7,-38.059002,-57.544407,35
s7,-38.058491,-57.544799,36
s7,-38.056831,-57.546301,37
s7,-38.055196,-57.547159,38
s7,-38.054385,-57.547148,39
s7,-38.052636,-57.545904,40
s7,-38.051825,-57.545357,41
s7,-38.049608,-57.543796,42
s7,-38.049422,-57.543265,43
s7,-38.049371,-57.541317,44
s7,-38.049941,-57.540802,45
s7,-38.050085,-57.539542,46
s7,-38.049295,-57.539461,47
s7,-38.04935,-57.541232,48
s7,-38.046279,-57.541886,49
s7,-38.042244,-57.547315,50
s7,-38.039435,-57.54393,51
s7,-38.038733,-57.544858,52
s7,-38.035543,-57.54231,53
s7,-38.029884,-57.537764,54
s7,-38.029091,-57.537079,55
s7,-38.022026,-57.551075,56
s7,-38.011752,-57.54276,57
s7,-38.00772,-57.539563,58
s7,-38.006654,-57.541591,59
s7,-38.005729,-57.542385,60
s7,-38.004372,-57.542626,61
s7,-38.003425,-57.542412,62
s7,-38.002402,-57.541787,63
s7,-38.001679,-57.541583,64
s7,-37.99995,-57.541382,65
s7,-37.998898,-57.541639,66
s7,-37.998767,-57.542036,67
s7,-37.99916,-57.542455,68
s7,-37.9976,-57.547964,69
s7,-37.997431,-57.548098,70
s7,-37.997321,-57.548693,71
s7,-37.995013,-57.553414,72
s7,-37.990959,-57.561359,73
s7,-37.982278,-57.578455,74
s7,-37.980503,-57.58176,75
s7,-37.979894,-57.582242,76
s7,-37.979657,-57.583455,77
s7,-37.972612,-57.597563,78
s7,-37.96651,-57.609542,79
s7,-37.965698,-57.608829,80
s7,-37.965199,-57.609837,81
s7,-37.966044,-57.610529,82
s7,-37.96928,-57.61312,83
s7,-37.967766,-57.616124,84
s7,-37.966192,-57.614847,85
s7,-37.965668,-57.615813,86
s7,-37.963955,-57.614434,87
s7,-37.958258,-57.625512,88
s7,-37.957548,-57.624933,89
s7,-37.957006,-57.62593,90
s7,-37.95814,-57.626821,91
s7,-37.958038,-57.627057,92
s8,-38.241264,-57.774739,1
s8,-38.240953,-57.773452,2
s8,-38.240556,-57.770534,3
s8,-38.239857,-57.767744,4
s8,-38.238467,-57.764772,5
s8,-38.235281,-57.758753,6
s8,-38.23309,-57.752885,7
s8,-38.230992,-57.746844,8
s8,-38.230646,-57.744677,9
s8,-38.230587,-57.74266,10
s8,-38.230756,-57.740933,11
s8,-38.230747,-57.738851,12
s8,-38.230317,-57.735976,13
s8,-38.229475,-57.733326,14
s8,-38.228497,-57.730708,15
s8,-38.227705,-57.729603,16
s8,-38.225058,-57.727103,17
s8,-38.224283,-57.725816,18
s8,-38.223769,-57.724024,19
s8,-38.223128,-57.720612,20
s8,-38.222327,-57.718284,21
s8,-38.219462,-57.71189,22
s8,-38.217236,-57.70703,23
s8,-38.216301,-57.705731,24
s8,-38.215205,-57.704798,25
s8,-38.210931,-57.702867,26
s8,-38.209877,-57.702073,27
s8,-38.208958,-57.700979,28
s8,-38.206709,-57.696537,29
s8,-38.203638,-57.690132,30
s8,-38.203015,-57.687943,31
s8,-38.202795,-57.686141,32
s8,-38.202526,-57.682943,33
s8,-38.202053,-57.681098,34
s8,-38.200199,-57.678115,35
s8,-38.198968,-57.676313,36
s8,-38.198006,-57.674983,37
s8,-38.195865,-57.673202,38
s8,-38.194718,-57.671764,39
s8,-38.193993,-57.669725,40
s8,-38.193133,-57.667494,41
s8,-38.191429,-57.664983,42
s8,-38.189777,-57.662644,43
s8,-38.188343,-57.661014,44
s8,-38.184953,-57.658739,45
s8,-38.18352,-57.657666,46
s8,-38.173129,-57.642238,47
s8,-38.17178,-57.640457,48
s8,-38.16881,-57.63741,49
s8,-38.165166,-57.633655,50
s8,-38.154993,-57.622046,51
s8,-38.151027,-57.617562,52
s8,-38.145898,-57.612605,53
s8,-38.143468,-57.610888,54
s8,-38.14016,-57.609215,55
s8,-38.138675,-57.608764,56
s8,-38.133341,-57.607734,57
s8,-38.131451,-57.607005,58
s8,-38.12637,-57.602198,59
s8,-38.120361,-57.595975,60
s8,-38.117289,-57.592735,61
s8,-38.112933,-57.586856,62
s8,-38.111481,-57.58426,63
s8,-38.109269,-57.577972,64
s8,-38.107623,-57.57485,65
s8,-38.10504,-57.569808,66
s8,-38.103377,-57.565366,67
s8,-38.102195,-57.562759,68
s8,-38.097509,-57.554895,69
s8,-38.094697,-57.550238,70
s8,-38.092975,-57.547384,71
s8,-38.092375,-57.546633,72
s8,-38.09175,-57.546022,73
s8,-38.089698,-57.545078,74
s8,-38.088162,-57.543361,75
s8,-38.087621,-57.542932,76
s8,-38.085409,-57.54187,77
s8,-38.083813,-57.539799,78
s8,-38.083036,-57.538995,79
s8,-38.08231,-57.53848,80
s8,-38.081583,-57.538565,81
s8,-38.079286,-57.540861,82
s8,-38.077859,-57.54276,83
s8,-38.07693,-57.543254,84
s8,-38.075714,-57.544541,85
s8,-38.074979,-57.545443,86
s8,-38.073991,-57.546183,87
s8,-38.07291,-57.546709,88
s8,-38.071685,-57.546988,89
s8,-38.065874,-57.546805,90
s8,-38.064641,-57.546515,91
s8,-38.059665,-57.544327,92
s8,-38.058947,-57.544434,93
s8,-38.056607,-57.54643,94
s8,-38.055171,-57.547181,95
s8,-38.054318,-57.547116,96
s8,-38.049544,-57.543737,97
s8,-38.049375,-57.541301,98
s8,-38.049908,-57.540851,99
s8,-38.050085,-57.539542,100
s8,-38.049282,-57.539477,101
s8,-38.04935,-57.541183,102
s8,-38.046359,-57.541838,103
s8,-38.042261,-57.54732,104
s8,-38.039447,-57.543898,105
s8,-38.038704,-57.544863,106
s8,-38.029884,-57.537764,107
s8,-38.029112,-57.537063,108
s8,-38.021996,-57.551086,109
s8,-38.011752,-57.54276,110
s8,-38.007724,-57.539547,111
s8,-38.006781,-57.541473,112
s8,-38.006274,-57.542009,113
s8,-38.005555,-57.54246,114
s8,-38.004135,-57.542599,115
s8,-38.0034,-57.542385,116
s8,-38.002402,-57.541787,117
s8,-38.001709,-57.541596,118
s8,-38.000221,-57.54136,119
s8,-37.998944,-57.541634,120
s8,-37.998758,-57.541977,121
s8,-37.999156,-57.542439,122
s8,-37.997587,-57.547975,123
s8,-37.997422,-57.548087,124
s8,-37.997351,-57.548683,125
s8,-37.995013,-57.553414,126
s8,-37.990959,-57.561359,127
s8,-37.982278,-57.578455,128
s8,-37.980435,-57.581931,129
s8,-37.979818,-57.582103,130
s8,-37.979843,-57.583262,131
s8,-37.972612,-57.597563,132
s8,-37.966535,-57.609537,133
s8,-37.965702,-57.608839,134
s8,-37.965199,-57.609826,135
s8,-37.966044,-57.610529,136
s8,-37.96928,-57.613131,137
s8,-37.967783,-57.616124,138
s8,-37.966201,-57.614837,139
s8,-37.965677,-57.615834,140
s8,-37.963959,-57.614429,141
s8,-37.958389,-57.625593,142
s8,-37.957564,-57.624911,143
s8,-37.957057,-57.625914,144
s8,-37.957979,-57.626654,145
s8,-37.958232,-57.626842,146
s8,-37.958038,-57.627057,147
s12,-37.958038,-57.627057,1
s12,-37.957846,-57.626868,2
s12,-37.964124,-57.614563,3
s12,-37.965677,-57.615824,4
s12,-37.966214,-57.614831,5
s12,-37.967766,-57.616097,6
s12,-37.96928,-57.613115,7
s12,-37.966044,-57.610529,8
s12,-37.972612,-57.597563,9
s12,-37.979889,-57.583262,10
s12,-37.980684,-57.582961,11
s12,-37.980706,-57.581615,12
s12,-37.982278,-57.578455,13
s12,-37.990959,-57.561359,14
s12,-37.995013,-57.553414,15
s12,-37.997334,-57.548715,16
s12,-37.997765,-57.548307,17
s12,-37.997799,-57.547824,18
s12,-38.000952,-57.541602,19
s12,-38.002017,-57.541881,20
s12,-38.005175,-57.544456,21
s12,-38.009229,-57.547776,22
s12,-38.011752,-57.54276,23
s12,-38.012249,-57.541772,24
s12,-38.023321,-57.550716,25
s12,-38.029884,-57.537764,26
s12,-38.038805,-57.54496,27
s12,-38.040182,-57.543173,28
s12,-38.043567,-57.547245,29
s12,-38.045776,-57.544305,30
s12,-38.045337,-57.543313,31
s12,-38.046372,-57.54187,32
s12,-38.04935,-57.541344,33
s12,-38.049502,-57.543629,34
s12,-38.04965,-57.543849,35
s12,-38.05142,-57.54504,36
s12,-38.051517,-57.545485,37
s12,-38.052214,-57.545802,38
s12,-38.053959,-57.547154,39
s12,-38.05422,-57.547299,40
s12,-38.054816,-57.547395,41
s12,-38.055293,-57.547315,42
s12,-38.055686,-57.547186,43
s12,-38.056725,-57.54658,44
s12,-38.057486,-57.545931,45
s12,-38.058951,-57.54467,46
s12,-38.059226,-57.544692,47
s12,-38.060438,-57.545502,48
s12,-38.061942,-57.546135,49
s12,-38.065494,-57.547438,50
s12,-38.067251,-57.547739,51
s12,-38.071001,-57.547674,52
s12,-38.071719,-57.547588,53
s12,-38.074033,-57.546515,54
s12,-38.076085,-57.544895,55
s12,-38.078214,-57.543383,56
s12,-38.07921,-57.541237,57
s12,-38.081659,-57.538812,58
s12,-38.082082,-57.538683,59
s12,-38.082622,-57.538898,60
s12,-38.08345,-57.539917,61
s12,-38.084488,-57.541419,62
s12,-38.085029,-57.541881,63
s12,-38.08752,-57.543104,64
s12,-38.088111,-57.543608,65
s12,-38.092734,-57.548297,66
s15,-38.013104,-57.544563,1
s15,-38.013333,-57.544037,2
s15,-38.007732,-57.539569,3
s15,-38.006688,-57.541559,4
s15,-38.00586,-57.542331,5
s15,-38.004862,-57.542589,6
s15,-38.003706,-57.542511,7
s15,-38.002402,-57.541787,8
s15,-38.00017,-57.541366,9
s15,-37.998902,-57.541602,10
s15,-37.998741,-57.541977,11
s15,-37.999147,-57.54246,12
s15,-37.997608,-57.547942,13
s15,-37.997397,-57.548103,14
s15,-37.997296,-57.548758,15
s15,-37.995013,-57.553414,16
s15,-37.990959,-57.561359,17
s15,-37.982278,-57.578455,18
s15,-37.980566,-57.581754,19
s15,-37.979716,-57.582103,20
s15,-37.979725,-57.583342,21
s15,-37.972612,-57.597563,22
s15,-37.966044,-57.610529,23
s15,-37.95836,-57.625587,24
s15,-37.957556,-57.624932,25
s15,-37.957082,-57.625962,26
s15,-37.957624,-57.626413,27
s15,-37.958204,-57.626869,28
s15,-37.958038,-57.627057,29
s16,-38.013104,-57.544563,1
s16,-38.013333,-57.544048,2
s16,-38.007711,-57.539574,3
s16,-38.00657,-57.54172,4
s16,-38.005615,-57.542406,5
s16,-38.003949,-57.542567,6
s16,-38.002402,-57.541787,7
s16,-38.001713,-57.541607,8
s16,-38.000289,-57.541387,9
s16,-37.998872,-57.541655,10
s16,-37.998746,-57.541966,11
s16,-37.999135,-57.54246,12
s16,-37.997587,-57.548001,13
s16,-37.997439,-57.548119,14
s16,-37.997325,-57.54871,15
s16,-37.995013,-57.553414,16
s16,-37.990959,-57.561359,17
s16,-37.982278,-57.578455,18
s16,-37.980511,-57.581781,19
s16,-37.979682,-57.582082,20
s16,-37.979843,-57.583208,21
s16,-37.980875,-57.583101,22
s16,-37.984147,-57.585826,23
s16,-37.984807,-57.587124,24
s16,-37.986126,-57.587296,25
s16,-37.991512,-57.591582,26
s16,-37.998927,-57.597789,27
s16,-37.995123,-57.602815,28
s16,-37.991077,-57.608174,29
s16,-37.985445,-57.603588,30
s16,-37.97405,-57.594473,31
s16,-37.972612,-57.597563,32
s16,-37.966044,-57.610529,33
s16,-37.958334,-57.625565,34
s16,-37.957573,-57.624954,35
s16,-37.957057,-57.625941,36
s16,-37.95764,-57.626403,37
s16,-37.958158,-57.626804,38
s16,-37.958038,-57.627057,39
s18,-37.958038,-57.627057,1
s18,-37.957875,-57.626801,2
s18,-37.966044,-57.610529,3
s18,-37.972612,-57.597563,4
s18,-37.979851,-57.583294,5
s18,-37.98057,-57.582757,6
s18,-37.980494,-57.581835,7
s18,-37.982278,-57.578455,8
s18,-37.990959,-57.561359,9
s18,-37.995013,-57.553414,10
s18,-38.000931,-57.541623,11
s18,-38.001903,-57.541881,12
s18,-38.005175,-57.544456,13
s18,-38.00925,-57.547739,14
s18,-38.01127,-57.543865,15
s18,-38.012825,-57.545067,16
s18,-38.013104,-57.544563,17
s19,-37.958038,-57.627057,1
s19,-37.957818,-57.626917,2
s19,-37.966044,-57.610529,3
s19,-37.972612,-57.597563,4
s19,-37.974236,-57.594629,5
s19,-37.985445,-57.603588,6
s19,-37.991068,-57.608137,7
s19,-37.995123,-57.602815,8
s19,-37.998953,-57.597778,9
s19,-37.999764,-57.598014,10
s19,-37.999798,-57.597134,11
s19,-37.998716,-57.597005,12
s19,-37.991512,-57.591582,13
s19,-37.986033,-57.587135,14
s19,-37.985323,-57.586083,15
s19,-37.984156,-57.58559,16
s19,-37.980689,-57.582736,17
s19,-37.980553,-57.582049,18
s19,-37.982278,-57.578455,19
s19,-37.990959,-57.561359,20
s19,-37.995013,-57.553414,21
s19,-37.997346,-57.548693,22
s19,-37.997748,-57.548291,23
s19,-37.997807,-57.547798,24
s19,-38.000923,-57.541612,25
s19,-38.001903,-57.541848,26
s19,-38.005175,-57.544456,27
s19,-38.009241,-57.54776,28
s19,-38.01127,-57.543769,29
s19,-38.012817,-57.545035,30
s19,-38.013104,-57.544563,31
s20,-37.958038,-57.627057,1
s20,-37.958106,-57.626767,2
s20,-37.957734,-57.626553,3
s20,-37.956194,-57.629728,4
s20,-37.954976,-57.631692,5
s20,-37.953791,-57.633923,6
s20,-37.952303,-57.635179,7
s20,-37.951761,-57.636788,8
s20,-37.952184,-57.637507,9
s20,-37.953614,-57.636541,10
s20,-37.954105,-57.63653,11
s20,-37.958134,-57.639743,12
s20,-37.962784,-57.645371,13
s20,-37.9555,-57.654952,14
s21,-38.069769,-57.558941,1
s21,-38.052793,-57.581649,2
s21,-38.048811,-57.576689,3
s21,-38.041234,-57.567594,4
s21,-38.037143,-57.572998,5
s21,-38.035134,-57.570555,6
s21,-38.035505,-57.57004,7
s21,-38.033815,-57.568066,8
s21,-38.034289,-57.567294,9
s21,-38.033748,-57.566586,10
s21,-38.03319,-57.567251,11
s21,-38.031567,-57.56532,12
s21,-38.031162,-57.565792,13
s21,-38.026951,-57.560649,14
s21,-38.026581,-57.56035,15
s21,-38.012092,-57.548697,16
s21,-38.011078,-57.550693,17
s21,-38.007933,-57.54815,18
s21,-38.003055,-57.544212,19
s21,-38.003757,-57.542742,20
s21,-38.003748,-57.542506,21
s21,-38.003127,-57.541991,22
s21,-38.002102,-57.541589,23
s21,-38.000709,-57.541399,24
s21,-38.000111,-57.54135,25
s21,-37.998868,-57.541621,26
s21,-37.998769,-57.54201,27
s21,-37.998966,-57.542244,28
s21,-37.998255,-57.544631,29
s21,-37.994677,-57.551605,30
s21,-37.995536,-57.5523,31
s21,-37.998752,-57.55493,32
s21,-37.993704,-57.564983,33
s21,-37.985471,-57.58108,34
s21,-37.984008,-57.584066,35
s21,-37.982418,-57.582763,36
s21,-37.981864,-57.583895,37
s21,-37.983445,-57.585166,38
s21,-37.977378,-57.597077,39
s21,-37.975314,-57.601175,40
s21,-37.973724,-57.599931,41
s21,-37.969225,-57.608879,42
s21,-37.970813,-57.610162,43
s21,-37.967736,-57.61611,44
s21,-37.96618,-57.614758,45
s21,-37.96256,-57.621989,46
s21,-37.956063,-57.616711,47
s21,-37.957078,-57.614629,48
s21,-37.950723,-57.609465,49
s21,-37.951036,-57.608864,50
s21,-37.951306,-57.608875,51
s22,-37.951306,-57.608875,1
s22,-37.95112,-57.608693,2
s22,-37.950723,-57.609465,3
s22,-37.957127,-57.614626,4
s22,-37.956078,-57.616739,5
s22,-37.962566,-57.621986,6
s22,-37.966203,-57.61483,7
s22,-37.967768,-57.616138,8
s22,-37.970813,-57.610162,9
s22,-37.969206,-57.608832,10
s22,-37.972225,-57.602878,11
s22,-37.973029,-57.603489,12
s22,-37.976623,-57.596462,13
s22,-37.984716,-57.580422,14
s22,-37.992867,-57.56434,15
s22,-37.997949,-57.554276,16
s22,-37.995536,-57.5523,17
s22,-38.00095,-57.541573,18
s22,-38.001922,-57.54182,19
s22,-38.009226,-57.547806,20
s22,-38.026298,-57.561514,21
s22,-38.026275,-57.561765,22
s22,-38.030424,-57.5667,23
s22,-38.031591,-57.565273,24
s22,-38.033188,-57.567258,25
s22,-38.03274,-57.567923,26
s22,-38.033306,-57.568663,27
s22,-38.033805,-57.568041,28
s22,-38.035495,-57.570037,29
s22,-38.035115,-57.570562,30
s22,-38.037143,-57.572998,31
s22,-38.040565,-57.56847,32
s22,-38.044004,-57.57259,33
s22,-38.044638,-57.571764,34
s22,-38.048811,-57.576689,35
s22,-38.052808,-57.581592,36
s22,-38.069119,-57.559782,37
s22,-38.068535,-57.5591,38
s22,-38.069176,-57.558229,39
s22,-38.069769,-57.558941,40
s23,-38.092734,-57.548297,1
s23,-38.092887,-57.548461,2
s23,-38.088298,-57.548835,3
s23,-38.082902,-57.55598,4
s23,-38.077602,-57.54957,5
s23,-38.077197,-57.54965,6
s23,-38.076057,-57.5506,7
s23,-38.074266,-57.55296,8
s23,-38.070318,-57.548137,9
s23,-38.065774,-57.55414,10
s23,-38.069769,-57.558941,11
s23,-38.060599,-57.571242,12
s23,-38.05246,-57.561387,13
s23,-38.042282,-57.548999,14
s23,-38.04577,-57.544341,15
s23,-38.045389,-57.543204,16
s23,-38.046365,-57.541879,17
s23,-38.049369,-57.541326,18
s23,-38.049977,-57.540758,19
s23,-38.050087,-57.539545,20
s23,-38.049288,-57.539474,21
s23,-38.049355,-57.541255,22
s23,-38.046343,-57.541839,23
s23,-38.041576,-57.548232,24
s23,-38.033762,-57.558589,25
s23,-38.028288,-57.565835,26
s23,-38.025559,-57.562417,27
s23,-38.003083,-57.544205,28
s23,-38.003765,-57.542786,29
s23,-38.00376,-57.542504,30
s23,-38.003153,-57.542091,31
s23,-38.002675,-57.5418,32
s23,-38.000197,-57.541367,33
s23,-37.998895,-57.54163,34
s23,-37.998751,-57.542049,35
s23,-37.999174,-57.542456,36
s23,-37.997326,-57.548749,37
s23,-37.995013,-57.553414,38
s23,-37.990452,-57.562364,39
s23,-37.98803,-57.560395,40
s23,-37.98754,-57.5614,41
s23,-37.979861,-57.576494,42
s23,-37.977462,-57.574546,43
s23,-37.975615,-57.578103,44
s23,-37.975311,-57.578291,45
s23,-37.975053,-57.578441,46
s23,-37.975129,-57.578806,47
s23,-37.975535,-57.578977,48
s23,-37.975907,-57.579149,49
s23,-37.976284,-57.579439,50
s23,-37.977764,-57.58063,51
s23,-37.971707,-57.59256,52
s23,-37.97189,-57.592689,53
s23,-37.968854,-57.598702,54
s23,-37.968245,-57.598246,55
s23,-37.967234,-57.600231,56
s23,-37.966874,-57.599958,57
s23,-37.964345,-57.604925,58
s23,-37.960272,-57.601642,59
s23,-37.958771,-57.604609,60
s23,-37.960315,-57.605907,61
s23,-37.956237,-57.613921,62
s23,-37.950726,-57.609431,63
s23,-37.950958,-57.608991,64
s23,-37.951306,-57.608875,65
s24,-38.092734,-57.548297,1
s24,-38.092887,-57.548461,2
s24,-38.088298,-57.548835,3
s24,-38.082902,-57.55598,4
s24,-38.077602,-57.54957,5
s24,-38.077197,-57.54965,6
s24,-38.076057,-57.5506,7
s24,-38.074266,-57.55296,8
s24,-38.070318,-57.548137,9
s24,-38.065774,-57.55414,10
s24,-38.069769,-57.558941,11
s24,-38.060599,-57.571242,12
s24,-38.05246,-57.561387,13
s24,-38.042286,-57.548978,14
s24,-38.04577,-57.544341,15
s24,-38.045389,-57.543204,16
s24,-38.046365,-57.541879,17
s24,-38.049369,-57.541326,18
s24,-38.049977,-57.540758,19
s24,-38.050087,-57.539545,20
s24,-38.049288,-57.539474,21
s24,-38.049355,-57.541255,22
s24,-38.046343,-57.541839,23
s24,-38.041576,-57.548232,24
s24,-38.033762,-57.558589,25
s24,-38.028288,-57.565835,26
s24,-38.025559,-57.562417,27
s24,-38.003083,-57.544205,28
s24,-38.003765,-57.542786,29
s24,-38.00376,-57.542504,30
s24,-38.003153,-57.542091,31
s24,-38.002675,-57.5418,32
s24,-38.000197,-57.541367,33
s24,-37.998895,-57.54163,34
s24,-37.998751,-57.542049,35
s24,-37.999174,-57.542456,36
s24,-37.997326,-57.548749,37
s24,-37.995013,-57.553414,38
s24,-37.990452,-57.562364,39
s24,-37.98803,-57.560395,40
s24,-37.98754,-57.5614,41
s24,-37.979861,-57.576494,42
s24,-37.977462,-57.574546,43
s24,-37.975615,-57.578103,44
s24,-37.975311,-57.578291,45
s24,-37.975053,-57.578441,46
s24,-37.975129,-57.578806,47
s24,-37.975535,-57.578977,48
s24,-37.975907,-57.579149,49
s24,-37.976284,-57.579439,50
s24,-37.977764,-57.58063,51
s24,-37.971707,-57.59256,52
s24,-37.97189,-57.592689,53
s24,-37.968854,-57.598702,54
s24,-37.968245,-57.598246,55
s24,-37.967234,-57.600231,56
s24,-37.966874,-57.599958,57
s24,-37.964345,-57.604925,58
s24,-37.960272,-57.601642,59
s24,-37.958771,-57.604609,60
s24,-37.960315,-57.605907,61
s24,-37.956237,-57.613921,62
s24,-37.957206,-57.614667,63
s24,-37.953017,-57.622719,64
s24,-37.949769,-57.620122,65
s24,-37.949523,-57.62024,66
s24,-37.948269,-57.618735,67
s24,-37.948718,-57.617812,68
s24,-37.947939,-57.617147,69
s24,-37.951535,-57.610087,70
s24,-37.950714,-57.609454,71
s24,-37.950958,-57.608991,72
s24,-37.951306,-57.608875,73
s25,-37.951306,-57.608875,1
s25,-37.951024,-57.608891,2
s25,-37.950742,-57.609433,3
s25,-37.956247,-57.613928,4
s25,-37.960333,-57.605914,5
s25,-37.958776,-57.604594,6
s25,-37.960282,-57.601633,7
s25,-37.964351,-57.604948,8
s25,-37.966871,-57.59997,9
s25,-37.967235,-57.600238,10
s25,-37.971329,-57.592192,11
s25,-37.970973,-57.591902,12
s25,-37.975532,-57.582825,13
s25,-37.973883,-57.581517,14
s25,-37.97516,-57.579027,15
s25,-37.975625,-57.578909,16
s25,-37.975625,-57.578051,17
s25,-37.976944,-57.575541,18
s25,-37.978577,-57.576882,19
s25,-37.979075,-57.575862,20
s25,-37.986779,-57.560756,21
s25,-37.98754,-57.5614,22
s25,-37.988327,-57.562001,23
s25,-37.989316,-57.560027,24
s25,-37.990939,-57.561346,25
s25,-37.995013,-57.553414,26
s25,-38.000967,-57.541605,27
s25,-38.001922,-57.541831,28
s25,-38.005175,-57.544456,29
s25,-38.026226,-57.561564,30
s25,-38.029607,-57.565749,31
s25,-38.034458,-57.559376,32
s25,-38.042223,-57.549103,33
s25,-38.05246,-57.561387,34
s25,-38.060582,-57.571199,35
s25,-38.069769,-57.558941,36
s25,-38.065126,-57.553346,37
s25,-38.069001,-57.548182,38
s25,-38.073604,-57.553804,39
s25,-38.076163,-57.550457,40
s25,-38.077363,-57.549587,41
s25,-38.07765,-57.54963,42
s25,-38.082911,-57.556014,43
s25,-38.088341,-57.548826,44
s25,-38.091431,-57.54862,45
s25,-38.092081,-57.547714,46
s25,-38.092954,-57.548559,47
s26,-37.951306,-57.608875,1
s26,-37.951024,-57.608891,2
s26,-37.950742,-57.609433,3
s26,-37.951525,-57.610091,4
s26,-37.947925,-57.61714,5
s26,-37.948708,-57.6178,6
s26,-37.948251,-57.618738,7
s26,-37.949508,-57.620262,8
s26,-37.949774,-57.620106,9
s26,-37.953023,-57.622687,10
s26,-37.957126,-57.614608,11
s26,-37.956247,-57.613928,12
s26,-37.960333,-57.605914,13
s26,-37.958776,-57.604594,14
s26,-37.960282,-57.601633,15
s26,-37.964351,-57.604948,16
s26,-37.966871,-57.59997,17
s26,-37.967235,-57.600238,18
s26,-37.971329,-57.592192,19
s26,-37.970973,-57.591902,20
s26,-37.975532,-57.582825,21
s26,-37.973883,-57.581517,22
s26,-37.97516,-57.579027,23
s26,-37.975625,-57.578909,24
s26,-37.975625,-57.578051,25
s26,-37.976944,-57.575541,26
s26,-37.978577,-57.576882,27
s26,-37.979075,-57.575862,28
s26,-37.986779,-57.560756,29
s26,-37.98754,-57.5614,30
s26,-37.988327,-57.562001,31
s26,-37.989316,-57.560027,32
s26,-37.990939,-57.561346,33
s26,-37.995013,-57.553414,34
s26,-38.000967,-57.541605,35
s26,-38.001922,-57.541831,36
s26,-38.005175,-57.544456,37
s26,-38.026226,-57.561564,38
s26,-38.029607,-57.565749,39
s26,-38.034458,-57.559376,40
s26,-38.042223,-57.549103,41
s26,-38.05246,-57.561387,42
s26,-38.060582,-57.571199,43
s26,-38.069769,-57.558941,44
s26,-38.065126,-57.553346,45
s26,-38.069001,-57.548182,46
s26,-38.073604,-57.553804,47
s26,-38.076163,-57.550457,48
s26,-38.077363,-57.549587,49
s26,-38.07765,-57.54963,50
s26,-38.082911,-57.556014,51
s26,-38.088341,-57.548826,52
s26,-38.091431,-57.54862,53
s26,-38.092081,-57.547714,54
s26,-38.092954,-57.548559,55
s27,-38.092734,-57.548297,1
s27,-38.092747,-57.548493,2
s27,-38.087575,-57.548947,3
s27,-38.083623,-57.544162,4
s27,-38.082305,-57.543089,5
s27,-38.07739,-57.549591,6
s27,-38.076282,-57.550392,7
s27,-38.074263,-57.552946,8
s27,-38.073039,-57.551444,9
s27,-38.070412,-57.554845,10
s27,-38.067726,-57.551583,11
s27,-38.067076,-57.552423,12
s27,-38.062953,-57.547442,13
s27,-38.05246,-57.561387,14
s27,-38.044659,-57.571727,15
s27,-38.033762,-57.558589,16
s27,-38.031024,-57.55536,17
s27,-38.030771,-57.555306,18
s27,-38.028709,-57.553654,19
s27,-38.025683,-57.559651,20
s27,-38.012886,-57.549339,21
s27,-38.013891,-57.547333,22
s27,-38.007002,-57.541748,23
s27,-38.006715,-57.541534,24
s27,-38.00633,-57.541979,25
s27,-38.00573,-57.542392,26
s27,-38.004538,-57.542623,27
s27,-38.003515,-57.542298,28
s27,-38.002997,-57.541951,29
s27,-38.002039,-57.541578,30
s27,-38.000102,-57.541353,31
s27,-37.998868,-57.541643,32
s27,-37.998769,-57.542018,33
s27,-37.998898,-57.542257,34
s27,-37.998273,-57.544585,35
s27,-37.994659,-57.551655,36
s27,-37.995536,-57.5523,37
s27,-37.998736,-57.554952,38
s27,-37.993704,-57.564983,39
s27,-37.989515,-57.573023,40
s27,-37.997594,-57.579564,41
s27,-38.006984,-57.587099,42
s27,-38.009744,-57.590489,43
s27,-38.011076,-57.592134,44
s27,-38.007124,-57.597339,45
s27,-38.011119,-57.60227,46
s27,-38.01177,-57.601427,47
s27,-38.015413,-57.605869,48
s27,-38.014475,-57.606325,49
s27,-38.011174,-57.602302,50
s27,-38.007205,-57.607543,51
s27,-38.008469,-57.609029,52
s27,-38.026963,-57.631259,53
s27,-38.026823,-57.631484,54
s28,-38.026823,-57.631484,1
s28,-38.026963,-57.631259,2
s28,-38.008469,-57.609029,3
s28,-38.007201,-57.607516,4
s28,-38.011127,-57.602286,5
s28,-38.014487,-57.606325,6
s28,-38.015421,-57.605858,7
s28,-38.011774,-57.601427,8
s28,-38.011148,-57.602259,9
s28,-38.007088,-57.597374,10
s28,-38.011078,-57.592095,11
s28,-38.006986,-57.587106,12
s28,-37.997594,-57.579564,13
s28,-37.988766,-57.572365,14
s28,-37.992867,-57.56434,15
s28,-37.997949,-57.554297,16
s28,-37.995536,-57.5523,17
s28,-38.00013,-57.543257,18
s28,-38.000975,-57.541605,19
s28,-38.002075,-57.541863,20
s28,-38.005989,-57.545124,21
s28,-38.008009,-57.541198,22
s28,-38.013622,-57.545693,23
s28,-38.012599,-57.547731,24
s28,-38.013411,-57.548332,25
s28,-38.018922,-57.552806,26
s28,-38.017924,-57.554845,27
s28,-38.025948,-57.561259,28
s28,-38.02997,-57.553287,29
s28,-38.03153,-57.554532,30
s28,-38.031757,-57.554601,31
s28,-38.034394,-57.557727,32
s28,-38.045305,-57.570863,33
s28,-38.05246,-57.561387,34
s28,-38.062979,-57.547463,35
s28,-38.067076,-57.552423,36
s28,-38.069787,-57.555703,37
s28,-38.07238,-57.552302,38
s28,-38.073604,-57.553815,39
s28,-38.076265,-57.550371,40
s28,-38.077143,-57.549684,41
s28,-38.077413,-57.549545,42
s28,-38.081687,-57.543923,43
s28,-38.082962,-57.545038,44
s28,-38.086196,-57.548987,45
s28,-38.091482,-57.548622,46
s28,-38.092082,-57.547817,47
s28,-38.092734,-57.548297,48
s30,-38.027761,-57.67391,1
s30,-38.044204,-57.652216,2
s30,-38.04385,-57.651787,3
s30,-38.040791,-57.648096,4
s30,-38.044052,-57.643719,5
s30,-38.042582,-57.641981,6
s30,-38.039321,-57.646294,7
s30,-38.017466,-57.619879,8
s30,-38.019478,-57.617261,9
s30,-38.018734,-57.616467,10
s30,-38.022689,-57.611275,11
s30,-38.021303,-57.609665,12
s30,-38.025597,-57.603958,13
s30,-38.022825,-57.600675,14
s30,-38.02061,-57.603528,15
s30,-38.015133,-57.597005,16
s30,-38.018058,-57.593143,17
s30,-38.010619,-57.584195,18
s30,-38.011262,-57.583337,19
s30,-38.010484,-57.582436,20
s30,-38.012351,-57.580027,21
s30,-37.990447,-57.562394,22
s30,-37.995013,-57.553414,23
s30,-37.999663,-57.544198,24
s30,-37.999189,-57.543855,25
s31,-37.999189,-57.543855,1
s31,-37.998522,-57.54335,2
s31,-37.998209,-57.54452,3
s31,-37.994666,-57.55159,4
s31,-37.996391,-57.552996,5
s31,-37.997185,-57.553618,6
s31,-37.992586,-57.562695,7
s31,-38.006189,-57.573659,8
s31,-38.005665,-57.574646,9
s31,-38.010247,-57.57838,10
s31,-38.008404,-57.582479,11
s31,-38.009689,-57.583487,12
s31,-38.009926,-57.58338,13
s31,-38.018058,-57.593164,14
s31,-38.015099,-57.596984,15
s31,-38.020627,-57.603604,16
s31,-38.022875,-57.600642,17
s31,-38.025639,-57.603936,18
s31,-38.021303,-57.609665,19
s31,-38.022689,-57.611318,20
s31,-38.018751,-57.616435,21
s31,-38.019469,-57.617283,22
s31,-38.017466,-57.619879,23
s31,-38.039304,-57.646251,24
s31,-38.042599,-57.642024,25
s31,-38.044069,-57.643719,26
s31,-38.040808,-57.648075,27
s31,-38.04385,-57.651787,28
s32,-37.999189,-57.543855,1
s32,-37.998522,-57.54335,2
s32,-37.998209,-57.54452,3
s32,-37.994683,-57.55159,4
s32,-37.996391,-57.552996,5
s32,-37.997219,-57.553618,6
s32,-37.992586,-57.562695,7
s32,-38.006189,-57.573659,8
s32,-38.005665,-57.574646,9
s32,-38.010247,-57.57838,10
s32,-38.008404,-57.582479,11
s32,-38.009689,-57.583487,12
s32,-38.009926,-57.58338,13
s32,-38.018058,-57.593164,14
s32,-38.015099,-57.596984,15
s32,-38.020627,-57.603604,16
s32,-38.022858,-57.600642,17
s32,-38.02563,-57.603969,18
s32,-38.021303,-57.609665,19
s32,-38.022689,-57.611318,20
s32,-38.018751,-57.616435,21
s32,-38.019469,-57.617283,22
s32,-38.017466,-57.619879,23
s32,-38.039304,-57.646251,24
s32,-38.042599,-57.642024,25
s32,-38.044069,-57.643719,26
s32,-38.040808,-57.648075,27
s32,-38.04385,-57.651787,28
s32,-38.044238,-57.652173,29
s32,-38.027761,-57.67391,30
s33,-37.95122,-57.609043,1
s33,-37.950974,-57.608904,2
s33,-37.95479,-57.601436,3
s33,-37.958749,-57.60458,4
s33,-37.96028,-57.601651,5
s33,-37.962724,-57.603614,6
s33,-37.969305,-57.590547,7
s33,-37.979454,-57.570548,8
s33,-37.988621,-57.552481,9
s33,-37.990667,-57.548361,10
s33,-37.994708,-57.551622,11
s33,-37.994129,-57.552695,12
s33,-37.995009,-57.55335,13
s33,-37.99607,-57.551204,14
s33,-38.000931,-57.541591,15
s33,-38.001903,-57.541848,16
s33,-38.002884,-57.542621,17
s33,-38.005175,-57.544456,18
s33,-38.004118,-57.546483,19
s33,-38.008185,-57.549766,20
s33,-38.011257,-57.54378,21
s33,-38.015201,-57.546955,22
s33,-38.011177,-57.55497,23
s33,-38.013544,-57.556874,24
s33,-38.01433,-57.557523,25
s33,-38.007711,-57.570666,26
s33,-38.006883,-57.570017,27
s33,-38.004507,-57.568091,28
s33,-38.003019,-57.571106,29
s33,-38.004566,-57.572361,30
s33,-37.998429,-57.584506,31
s33,-38.000052,-57.585804,32
s33,-37.999545,-57.586749,33
s33,-37.998741,-57.586094,34
s33,-37.990637,-57.602091,35
s33,-37.987521,-57.599537,36
s33,-37.984376,-57.605717,37
s33,-37.982769,-57.604408,38
s33,-37.980266,-57.609365,39
s33,-37.981069,-57.610019,40
s34,-37.981069,-57.610019,1
s34,-37.981564,-57.609022,2
s34,-37.980769,-57.608378,3
s34,-37.982807,-57.604381,4
s34,-37.984363,-57.605674,5
s34,-37.987496,-57.599516,6
s34,-37.990637,-57.602091,7
s34,-37.998729,-57.586121,8
s34,-38.006883,-57.570017,9
s34,-38.013544,-57.556874,10
s34,-38.014059,-57.55585,11
s34,-38.010839,-57.553328,12
s34,-38.01493,-57.545357,13
s34,-38.011718,-57.542782,14
s34,-38.010957,-57.54216,15
s34,-38.009934,-57.544123,16
s34,-38.006697,-57.541505,17
s34,-38.005868,-57.54231,18
s34,-38.004828,-57.542567,19
s34,-38.00362,-57.542471,20
s34,-38.002402,-57.541787,21
s34,-38.001781,-57.541602,22
s34,-38.000994,-57.541478,23
s34,-37.999908,-57.541414,24
s34,-37.998889,-57.54165,25
s34,-37.998767,-57.542047,26
s34,-37.999173,-57.542444,27
s34,-37.99757,-57.547985,28
s34,-37.99607,-57.551204,29
s34,-37.995545,-57.552234,30
s34,-37.99229,-57.54967,31
s34,-37.992857,-57.548608,32
s34,-37.991191,-57.547266,33
s34,-37.988621,-57.552481,34
s34,-37.979454,-57.570548,35
s34,-37.969305,-57.590547,36
s34,-37.962733,-57.603582,37
s34,-37.96028,-57.60164,38
s34,-37.95874,-57.604623,39
s34,-37.95479,-57.601415,40
s34,-37.951021,-57.608866,41
s34,-37.95122,-57.609043,42
s35,-37.987707,-57.612562,1
s35,-37.982853,-57.6087,2
s35,-37.981856,-57.610685,3
s35,-37.981069,-57.610019,4
s35,-37.981551,-57.609022,5
s35,-37.980773,-57.608399,6
s35,-37.982794,-57.604365,7
s35,-37.98435,-57.605674,8
s35,-37.985475,-57.603582,9
s35,-37.987809,-57.60546,10
s35,-37.987225,-57.606629,11
s35,-37.988012,-57.607273,12
s35,-37.990637,-57.602091,13
s35,-37.998729,-57.586121,14
s35,-38.006883,-57.570017,15
s35,-38.013544,-57.556874,16
s35,-38.014059,-57.555866,17
s35,-38.010847,-57.553323,18
s35,-38.014913,-57.545346,19
s35,-38.011752,-57.54276,20
s35,-38.01096,-57.542107,21
s35,-38.009939,-57.544134,22
s35,-38.006688,-57.54151,23
s35,-38.005881,-57.542315,24
s35,-38.004558,-57.542637,25
s35,-38.003332,-57.542363,26
s35,-38.002402,-57.541787,27
s35,-38.001639,-57.541561,28
s35,-38.000119,-57.54136,29
s35,-37.998872,-57.541612,30
s35,-37.998775,-57.542079,31
s35,-37.999143,-57.542476,32
s35,-37.997579,-57.547969,33
s35,-37.997452,-57.548221,34
s35,-37.997355,-57.548667,35
s35,-37.99607,-57.551204,36
s35,-37.995545,-57.552255,37
s35,-37.992307,-57.549691,38
s35,-37.99284,-57.548575,39
s35,-37.991199,-57.547266,40
s35,-37.988621,-57.552481,41
s35,-37.979454,-57.570548,42
s35,-37.969305,-57.590547,43
s35,-37.962944,-57.585311,44
s35,-37.958833,-57.593422,45
s35,-37.953324,-57.588932,46
s35,-37.953816,-57.587961,47
s35,-37.953011,-57.587355,48
s35,-37.952548,-57.588367,49
s35,-37.958825,-57.593486,50
s35,-37.951017,-57.608909,51
s35,-37.95122,-57.609043,52
s36,-37.95122,-57.609043,1
s36,-37.95101,-57.608882,2
s36,-37.958857,-57.593419,3
s36,-37.953301,-57.588927,4
s36,-37.9538,-57.58795,5
s36,-37.952988,-57.587349,6
s36,-37.952506,-57.588326,7
s36,-37.958815,-57.593449,8
s36,-37.958867,-57.593349,9
s36,-37.962894,-57.585407,10
s36,-37.969305,-57.590547,11
s36,-37.979454,-57.570548,12
s36,-37.988621,-57.552481,13
s36,-37.990684,-57.548339,14
s36,-37.994658,-57.551579,15
s36,-37.994133,-57.552685,16
s36,-37.995064,-57.553371,17
s36,-37.99607,-57.551204,18
s36,-38.000923,-57.541612,19
s36,-38.001912,-57.541848,20
s36,-38.002985,-57.542685,21
s36,-38.005175,-57.544456,22
s36,-38.004144,-57.546462,23
s36,-38.008193,-57.549756,24
s36,-38.011257,-57.54378,25
s36,-38.015184,-57.546977,26
s36,-38.011169,-57.554981,27
s36,-38.013544,-57.556874,28
s36,-38.01433,-57.557491,29
s36,-38.007682,-57.570682,30
s36,-38.006883,-57.570017,31
s36,-38.004511,-57.568091,32
s36,-38.003019,-57.571084,33
s36,-38.004592,-57.572388,34
s36,-37.99842,-57.584501,35
s36,-38.000825,-57.586421,36
s36,-38.000322,-57.587425,37
s36,-37.998746,-57.586105,38
s36,-37.990637,-57.602091,39
s36,-37.98857,-57.606157,40
s36,-37.986185,-57.604226,41
s36,-37.986752,-57.603164,42
s36,-37.985974,-57.602552,43
s36,-37.98435,-57.605674,44
s36,-37.982794,-57.604387,45
s36,-37.980266,-57.609386,46
s36,-37.981069,-57.610019,47
s36,-37.981873,-57.610663,48
s36,-37.982109,-57.61017,49
s36,-37.984486,-57.612079,50
s36,-37.985238,-57.610561,51
s36,-37.987707,-57.612562,52
s37,-38.050085,-57.539542,1
s37,-38.049282,-57.539456,2
s37,-38.04935,-57.541269,3
s37,-38.046308,-57.541848,4
s37,-38.041576,-57.548232,5
s37,-38.034394,-57.557727,6
s37,-38.03376,-57.55851,7
s37,-38.030989,-57.555249,8
s37,-38.026898,-57.560581,9
s37,-38.026581,-57.56035,10
s37,-38.012851,-57.549348,11
s37,-38.014896,-57.545292,12
s37,-38.011752,-57.54276,13
s37,-38.010964,-57.542111,14
s37,-38.009932,-57.544136,15
s37,-38.006714,-57.54151,16
s37,-38.005881,-57.54231,17
s37,-38.004752,-57.542621,18
s37,-38.003527,-57.542455,19
s37,-38.002402,-57.541787,20
s37,-38.001434,-57.541543,21
s37,-38.000098,-57.541355,22
s37,-37.998817,-57.541682,23
s37,-37.998763,-57.541983,24
s37,-37.999164,-57.54246,25
s37,-37.997579,-57.54798,26
s37,-37.99607,-57.551204,27
s37,-37.995233,-57.550512,28
s37,-37.989568,-57.561659,29
s37,-37.988033,-57.560382,30
s37,-37.980367,-57.575494,31
s37,-37.977923,-57.573563,32
s37,-37.975428,-57.578273,33
s37,-37.974912,-57.578187,34
s37,-37.972959,-57.576674,35
s37,-37.971267,-57.576159,36
s37,-37.96774,-57.577039,37
s37,-37.966911,-57.576996,38
s37,-37.966548,-57.577372,39
s37,-37.966582,-57.577651,40
s37,-37.966801,-57.577811,41
s37,-37.95177,-57.607391,42
s37,-37.948605,-57.604837,43
s37,-37.947539,-57.606865,44
s37,-37.950712,-57.609419,45
s37,-37.950983,-57.608968,46
s37,-37.95122,-57.609043,47
s40,-37.95122,-57.609043,1
s40,-37.950979,-57.608952,2
s40,-37.950718,-57.609437,3
s40,-37.947531,-57.606865,4
s40,-37.948572,-57.604805,5
s40,-37.95177,-57.607412,6
s40,-37.966801,-57.577811,7
s40,-37.967224,-57.577715,8
s40,-37.968011,-57.577136,9
s40,-37.971081,-57.576363,10
s40,-37.971927,-57.576395,11
s40,-37.97268,-57.576696,12
s40,-37.973669,-57.577318,13
s40,-37.975006,-57.578466,14
s40,-37.975259,-57.578906,15
s40,-37.975631,-57.578852,16
s40,-37.975631,-57.57809,17
s40,-37.976917,-57.575548,18
s40,-37.980122,-57.578123,19
s40,-37.981145,-57.576117,20
s40,-37.988815,-57.561042,21
s40,-37.993347,-57.552041,22
s40,-37.994992,-57.553355,23
s40,-37.99607,-57.551204,24
s40,-38.00094,-57.541607,25
s40,-38.001979,-57.541886,26
s40,-38.005175,-57.544456,27
s40,-38.005978,-57.545153,28
s40,-38.008024,-57.541173,29
s40,-38.011257,-57.54378,30
s40,-38.01362,-57.545689,31
s40,-38.011574,-57.549702,32
s40,-38.02596,-57.5613,33
s40,-38.026581,-57.56035,34
s40,-38.02997,-57.553291,35
s40,-38.031458,-57.554519,36
s40,-38.031694,-57.554487,37
s40,-38.034394,-57.557727,38
s40,-38.035049,-57.558559,39
s40,-38.042223,-57.549103,40
s40,-38.045776,-57.544348,41
s40,-38.04537,-57.54319,42
s40,-38.046351,-57.54187,43
s40,-38.04935,-57.541248,44
s40,-38.049882,-57.540904,45
s40,-38.050085,-57.539542,46
s41,-38.010388,-57.554334,1
s41,-38.014923,-57.545337,2
s41,-38.011752,-57.54276,3
s41,-38.007742,-57.539581,4
s41,-38.006664,-57.54162,5
s41,-38.005886,-57.542344,6
s41,-38.004753,-57.542628,7
s41,-38.00348,-57.542274,8
s41,-38.003043,-57.541962,9
s41,-38.002675,-57.5418,10
s41,-38.000084,-57.541377,11
s41,-37.998868,-57.54164,12
s41,-37.998802,-57.542018,13
s41,-37.999134,-57.542303,14
s41,-37.99743,-57.548488,15
s41,-37.994482,-57.554394,16
s41,-37.986433,-57.570412,17
s41,-37.978238,-57.563943,18
s41,-37.965535,-57.553707,19
s41,-37.956034,-57.545933,20
s41,-37.945775,-57.537596,21
s41,-37.944794,-57.539506,22
s41,-37.936874,-57.549698,23
s41,-37.933913,-57.553639,24
s41,-37.939315,-57.560098,25
s41,-37.936295,-57.563993,26
s41,-37.930949,-57.557559,27
s41,-37.926387,-57.552077,28
s41,-37.928791,-57.548922,29
s41,-37.928385,-57.54771,30
s41,-37.926734,-57.545757,31
s41,-37.9261,-57.545414,32
s41,-37.923882,-57.542742,33
s41,-37.932362,-57.531552,34
s41,-37.935764,-57.532659,35
s42,-37.935764,-57.532659,1
s42,-37.932372,-57.531545,2
s42,-37.923876,-57.542746,3
s42,-37.926161,-57.54545,4
s42,-37.926912,-57.545918,5
s42,-37.928393,-57.547721,6
s42,-37.928825,-57.548954,7
s42,-37.926421,-57.552077,8
s42,-37.936297,-57.564007,9
s42,-37.939358,-57.56012,10
s42,-37.933908,-57.553618,11
s42,-37.936874,-57.549698,12
s42,-37.944828,-57.53942,13
s42,-37.945759,-57.537618,14
s42,-37.956034,-57.545933,15
s42,-37.965535,-57.553707,16
s42,-37.978238,-57.563943,17
s42,-37.988033,-57.571757,18
s42,-37.986934,-57.57386,19
s42,-37.985344,-57.572529,20
s42,-37.994482,-57.554394,21
s42,-38.000969,-57.541544,22
s42,-38.001959,-57.541861,23
s42,-38.002161,-57.542015,24
s42,-38.011588,-57.549709,25
s42,-38.008553,-57.55569,26
s42,-38.009356,-57.556323,27
s42,-38.010388,-57.554334,28
s43,-37.990943,-57.608331,1
s43,-37.998924,-57.597806,2
s43,-37.999119,-57.596991,3
s43,-37.999605,-57.596927,4
s43,-38.006967,-57.587135,5
s43,-38.014958,-57.576517,6
s43,-38.010066,-57.572588,7
s43,-38.003715,-57.567472,8
s43,-38.00573,-57.563447,9
s43,-38.010388,-57.554334,10
s43,-38.010866,-57.553353,11
s43,-38.002032,-57.546208,12
s43,-38.003825,-57.542614,13
s43,-38.003283,-57.542067,14
s43,-38.002675,-57.5418,15
s43,-38.000175,-57.541362,16
s43,-37.998818,-57.541668,17
s43,-37.998788,-57.542108,18
s43,-37.999117,-57.542301,19
s43,-37.997584,-57.548186,20
s43,-37.994482,-57.554394,21
s43,-37.992032,-57.552407,22
s43,-37.988008,-57.5604,23
s43,-37.98234,-57.555857,24
s43,-37.978238,-57.563943,25
s43,-37.974183,-57.571902,26
s43,-37.971041,-57.569425,27
s43,-37.96732,-57.576774,28
s43,-37.967565,-57.577225,29
s43,-37.967032,-57.577804,30
s43,-37.966508,-57.577525,31
s43,-37.95733,-57.579972,32
s43,-37.956509,-57.579843,33
s43,-37.955925,-57.580369,34
s43,-37.952288,-57.581334,35
s43,-37.95156,-57.581184,36
s43,-37.950917,-57.581677,37
s43,-37.934623,-57.586455,38
s43,-37.933953,-57.585948,39
s43,-37.933716,-57.584574,40
s43,-37.934097,-57.583716,41
s43,-37.933665,-57.581881,42
s43,-37.93316,-57.581971,43
s44,-37.990943,-57.608331,1
s44,-37.998924,-57.597806,2
s44,-37.999119,-57.596991,3
s44,-37.999605,-57.596927,4
s44,-38.006967,-57.587135,5
s44,-38.014958,-57.576517,6
s44,-38.010066,-57.572588,7
s44,-38.003715,-57.567472,8
s44,-38.00573,-57.563447,9
s44,-38.010388,-57.554334,10
s44,-38.010866,-57.553353,11
s44,-38.002032,-57.546208,12
s44,-38.003825,-57.542614,13
s44,-38.003283,-57.542067,14
s44,-38.002675,-57.5418,15
s44,-38.000175,-57.541362,16
s44,-37.998818,-57.541668,17
s44,-37.998788,-57.542108,18
s44,-37.999117,-57.542301,19
s44,-37.997584,-57.548186,20
s44,-37.994482,-57.554394,21
s44,-37.992032,-57.552407,22
s44,-37.988008,-57.5604,23
s44,-37.98234,-57.555857,24
s44,-37.978238,-57.563943,25
s44,-37.974183,-57.571902,26
s44,-37.971041,-57.569425,27
s44,-37.96732,-57.576774,28
s44,-37.967565,-57.577225,29
s44,-37.967032,-57.577804,30
s44,-37.966508,-57.577525,31
s44,-37.95733,-57.579972,32
s44,-37.956509,-57.579843,33
s44,-37.955925,-57.580369,34
s44,-37.952288,-57.581334,35
s44,-37.95156,-57.581184,36
s44,-37.950917,-57.581677,37
s44,-37.934623,-57.586455,38
s44,-37.933963,-57.585822,39
s44,-37.933741,-57.584585,40
s44,-37.934061,-57.583734,41
s44,-37.933705,-57.581878,42
s44,-37.93316,-57.581971,43
s44,-37.932732,-57.582328,44
s44,-37.93302,-57.583981,45
s44,-37.933621,-57.584463,46
s44,-37.933849,-57.58604,47
s44,-37.933341,-57.586727,48
s44,-37.91509,-57.592657,49
s44,-37.913791,-57.586792,50
s44,-37.91082,-57.583852,51
s44,-37.908958,-57.58662,52
s44,-37.91399,-57.593022,53
s44,-37.891726,-57.600296,54
s44,-37.892792,-57.605982,55
s44,-37.887763,-57.607441,56
s44,-37.887255,-57.60463,57
s44,-37.889592,-57.603729,58
s45,-37.990943,-57.608331,1
s45,-37.998924,-57.597806,2
s45,-37.999119,-57.596991,3
s45,-37.999605,-57.596927,4
s45,-38.006967,-57.587135,5
s45,-38.014958,-57.576517,6
s45,-38.010066,-57.572588,7
s45,-38.003715,-57.567472,8
s45,-38.00573,-57.563447,9
s45,-38.010388,-57.554334,10
s45,-38.010866,-57.553353,11
s45,-38.002032,-57.546208,12
s45,-38.003825,-57.542614,13
s45,-38.003283,-57.542067,14
s45,-38.002675,-57.5418,15
s45,-38.000175,-57.541362,16
s45,-37.998818,-57.541668,17
s45,-37.998788,-57.542108,18
s45,-37.999117,-57.542301,19
s45,-37.997584,-57.548186,20
s45,-37.994482,-57.554394,21
s45,-37.992032,-57.552407,22
s45,-37.988008,-57.5604,23
s45,-37.98234,-57.555857,24
s45,-37.978238,-57.563943,25
s45,-37.974183,-57.571902,26
s45,-37.971041,-57.569425,27
s45,-37.96732,-57.576774,28
s45,-37.967565,-57.577225,29
s45,-37.967032,-57.577804,30
s45,-37.966508,-57.577525,31
s45,-37.95733,-57.579972,32
s45,-37.956509,-57.579843,33
s45,-37.955925,-57.580369,34
s45,-37.952288,-57.581334,35
s45,-37.95156,-57.581184,36
s45,-37.950917,-57.581677,37
s45,-37.934623,-57.586455,38
s45,-37.933963,-57.585962,39
s45,-37.933697,-57.584517,40
s45,-37.934111,-57.583766,41
s45,-37.933748,-57.581996,42
s45,-37.933561,-57.581856,43
s45,-37.93316,-57.581971,44
s45,-37.932698,-57.582135,45
s45,-37.933045,-57.58397,46
s45,-37.933655,-57.584624,47
s45,-37.9339,-57.586073,48
s45,-37.933293,-57.586913,49
s45,-37.915014,-57.592636,50
s45,-37.913825,-57.58677,51
s45,-37.910829,-57.583798,52
s45,-37.908958,-57.586577,53
s45,-37.913707,-57.592596,54
s45,-37.913719,-57.593129,55
s45,-37.891726,-57.600296,56
s45,-37.892792,-57.605982,57
s45,-37.887763,-57.607441,58
s45,-37.887255,-57.60463,59
s45,-37.889592,-57.603729,60
s45,-37.889338,-57.601669,61
s45,-37.889507,-57.601068,62
s45,-37.876772,-57.608128,63
s45,-37.823264,-57.623169,64
s45,-37.822883,-57.622837,65
s46,-37.990943,-57.608331,1
s46,-37.998924,-57.597806,2
s46,-37.999119,-57.596991,3
s46,-37.999605,-57.596927,4
s46,-38.006967,-57.587135,5
s46,-38.014958,-57.576517,6
s46,-38.010066,-57.572588,7
s46,-38.003715,-57.567472,8
s46,-38.00573,-57.563447,9
s46,-38.010388,-57.554334,10
s46,-38.010866,-57.553353,11
s46,-38.002032,-57.546208,12
s46,-38.003825,-57.542614,13
s46,-38.003283,-57.542067,14
s46,-38.002675,-57.5418,15
s46,-38.00208,-57.541591,16
s46,-38.000175,-57.541362,17
s46,-37.998818,-57.541668,18
s46,-37.998788,-57.542108,19
s46,-37.999117,-57.542301,20
s46,-37.997584,-57.548186,21
s46,-37.994482,-57.554394,22
s46,-37.992032,-57.552407,23
s46,-37.988008,-57.5604,24
s46,-37.98234,-57.555857,25
s46,-37.978238,-57.563943,26
s46,-37.974183,-57.571902,27
s46,-37.971041,-57.569425,28
s46,-37.96732,-57.576774,29
s46,-37.967565,-57.577225,30
s46,-37.967032,-57.577804,31
s46,-37.966508,-57.577525,32
s46,-37.95733,-57.579972,33
s46,-37.956509,-57.579843,34
s46,-37.955925,-57.580369,35
s46,-37.952288,-57.581334,36
s46,-37.95156,-57.581184,37
s46,-37.950917,-57.581677,38
s46,-37.934623,-57.586455,39
s46,-37.933892,-57.586288,40
s46,-37.933293,-57.586913,41
s46,-37.915014,-57.592636,42
s46,-37.913825,-57.58677,43
s46,-37.910829,-57.583798,44
s46,-37.908958,-57.586577,45
s46,-37.913707,-57.592596,46
s46,-37.913719,-57.593129,47
s46,-37.891726,-57.600296,48
s46,-37.892792,-57.605982,49
s46,-37.887763,-57.607441,50
s46,-37.887255,-57.60463,51
s46,-37.889592,-57.603729,52
s46,-37.889338,-57.601669,53
s46,-37.889507,-57.601068,54
s46,-37.876772,-57.608128,55
s46,-37.823264,-57.623169,56
s46,-37.822883,-57.622837,57
s47,-37.990943,-57.608331,1
s47,-37.998924,-57.597806,2
s47,-37.999119,-57.596991,3
s47,-37.999605,-57.596927,4
s47,-38.006967,-57.587135,5
s47,-38.014958,-57.576517,6
s47,-38.010066,-57.572588,7
s47,-38.003715,-57.567472,8
s47,-38.00573,-57.563447,9
s47,-38.010388,-57.554334,10
s47,-38.010866,-57.553353,11
s47,-38.002032,-57.546208,12
s47,-38.003825,-57.542614,13
s47,-38.003283,-57.542067,14
s47,-38.002675,-57.5418,15
s47,-38.000175,-57.541362,16
s47,-37.998818,-57.541668,17
s47,-37.998788,-57.542108,18
s47,-37.999117,-57.542301,19
s47,-37.997584,-57.548186,20
s47,-37.994482,-57.554394,21
s47,-37.992032,-57.552407,22
s47,-37.988008,-57.5604,23
s47,-37.98234,-57.555857,24
s47,-37.978238,-57.563943,25
s47,-37.974183,-57.571902,26
s47,-37.971041,-57.569425,27
s47,-37.96732,-57.576774,28
s47,-37.967565,-57.577225,29
s47,-37.967032,-57.577804,30
s47,-37.966508,-57.577525,31
s47,-37.95733,-57.579972,32
s47,-37.956509,-57.579843,33
s47,-37.955925,-57.580369,34
s47,-37.952288,-57.581334,35
s47,-37.95156,-57.581184,36
s47,-37.950917,-57.581677,37
s47,-37.934623,-57.586455,38
s47,-37.934098,-57.587217,39
s47,-37.933293,-57.586913,40
s47,-37.915073,-57.592679,41
s47,-37.913817,-57.586813,42
s47,-37.910786,-57.583809,43
s47,-37.908924,-57.586577,44
s47,-37.913156,-57.591888,45
s47,-37.913846,-57.592968,46
s47,-37.891726,-57.600296,47
s47,-37.892792,-57.605982,48
s47,-37.887763,-57.607441,49
s47,-37.887255,-57.60463,50
s47,-37.889592,-57.603729,51
s48,-37.990943,-57.608331,1
s48,-37.998924,-57.597806,2
s48,-37.999119,-57.596991,3
s48,-37.999605,-57.596927,4
s48,-38.006967,-57.587135,5
s48,-38.014958,-57.576517,6
s48,-38.010066,-57.572588,7
s48,-38.003715,-57.567472,8
s48,-38.00573,-57.563447,9
s48,-38.010388,-57.554334,10
s48,-38.010866,-57.553353,11
s48,-38.002032,-57.546208,12
s48,-38.003825,-57.542614,13
s48,-38.003283,-57.542067,14
s48,-38.002675,-57.5418,15
s48,-38.000175,-57.541362,16
s48,-37.998818,-57.541668,17
s48,-37.998788,-57.542108,18
s48,-37.999117,-57.542301,19
s48,-37.997584,-57.548186,20
s48,-37.994482,-57.554394,21
s48,-37.992032,-57.552407,22
s48,-37.988008,-57.5604,23
s48,-37.98234,-57.555857,24
s48,-37.978238,-57.563943,25
s48,-37.974183,-57.571902,26
s48,-37.971041,-57.569425,27
s48,-37.96732,-57.576774,28
s48,-37.967565,-57.577225,29
s48,-37.967032,-57.577804,30
s48,-37.966508,-57.577525,31
s48,-37.95733,-57.579972,32
s48,-37.956509,-57.579843,33
s48,-37.955925,-57.580369,34
s48,-37.952288,-57.581334,35
s48,-37.95156,-57.581184,36
s48,-37.950917,-57.581677,37
s48,-37.934623,-57.586455,38
s48,-37.933963,-57.58593,39
s48,-37.933714,-57.58456,40
s48,-37.934061,-57.583653,41
s48,-37.93376,-57.58198,42
s48,-37.93316,-57.581971,43
s48,-37.932732,-57.582446,44
s48,-37.933164,-57.584764,45
s48,-37.933781,-57.585273,46
s48,-37.933963,-57.586244,47
s48,-37.933293,-57.586913,48
s48,-37.915031,-57.592668,49
s48,-37.91381,-57.586817,50
s48,-37.910799,-57.583795,51
s49,-37.910799,-57.583795,1
s49,-37.908994,-57.586591,2
s49,-37.913429,-57.592213,3
s49,-37.913844,-57.593179,4
s49,-37.915173,-57.592696,5
s49,-37.932988,-57.587149,6
s49,-37.933885,-57.587245,7
s49,-37.93438,-57.586999,8
s49,-37.934609,-57.586644,9
s49,-37.934475,-57.58633,10
s49,-37.933985,-57.585987,11
s49,-37.933712,-57.584552,12
s49,-37.934067,-57.583758,13
s49,-37.933773,-57.582039,14
s49,-37.93316,-57.581971,15
s49,-37.932736,-57.582527,16
s49,-37.933162,-57.584748,17
s49,-37.933777,-57.585284,18
s49,-37.933849,-57.586309,19
s49,-37.933432,-57.587095,20
s49,-37.934092,-57.587108,21
s49,-37.934968,-57.58648,22
s49,-37.950976,-57.581806,23
s49,-37.95167,-57.581956,24
s49,-37.952288,-57.581334,25
s49,-37.956044,-57.580379,26
s49,-37.956577,-57.580572,27
s49,-37.957262,-57.580004,28
s49,-37.966135,-57.577536,29
s49,-37.967083,-57.577826,30
s49,-37.967641,-57.577279,31
s49,-37.967328,-57.576731,32
s49,-37.970534,-57.570369,33
s49,-37.97291,-57.572279,34
s49,-37.97746,-57.563267,35
s49,-37.982052,-57.55419,36
s49,-37.987726,-57.55875,37
s49,-37.990753,-57.552785,38
s49,-37.993958,-57.555381,39
s49,-37.994482,-57.554394,40
s49,-38.001009,-57.541541,41
s49,-38.001922,-57.541852,42
s49,-38.002161,-57.542015,43
s49,-38.005159,-57.544484,44
s49,-38.003113,-57.54847,45
s49,-38.010388,-57.554334,46
s49,-38.011178,-57.55495,47
s49,-38.006545,-57.564107,48
s49,-38.005041,-57.567106,49
s49,-38.010585,-57.571562,50
s49,-38.015615,-57.575669,51
s49,-38.006967,-57.587135,52
s49,-37.999802,-57.596648,53
s49,-37.999025,-57.597055,54
s49,-37.998805,-57.597914,55
s49,-37.990943,-57.608331,56
s50,-37.93316,-57.581971,1
s50,-37.932709,-57.58215,2
s50,-37.93298,-57.58393,3
s50,-37.93369,-57.584563,4
s50,-37.933944,-57.586001,5
s50,-37.93347,-57.586538,6
s50,-37.933487,-57.587192,7
s50,-37.934105,-57.587181,8
s50,-37.934951,-57.586441,9
s50,-37.950976,-57.581806,10
s50,-37.95167,-57.581956,11
s50,-37.952288,-57.581334,12
s50,-37.956044,-57.580379,13
s50,-37.956577,-57.580572,14
s50,-37.957262,-57.580004,15
s50,-37.966135,-57.577536,16
s50,-37.967083,-57.577826,17
s50,-37.967641,-57.577279,18
s50,-37.967328,-57.576731,19
s50,-37.970534,-57.570369,20
s50,-37.97291,-57.572279,21
s50,-37.97746,-57.563267,22
s50,-37.982052,-57.55419,23
s50,-37.987726,-57.55875,24
s50,-37.990753,-57.552785,25
s50,-37.993958,-57.555381,26
s50,-37.994482,-57.554394,27
s50,-38.001009,-57.541541,28
s50,-38.001922,-57.541852,29
s50,-38.002161,-57.542015,30
s50,-38.005159,-57.544484,31
s50,-38.003113,-57.54847,32
s50,-38.010388,-57.554334,33
s50,-38.011178,-57.55495,34
s50,-38.006545,-57.564107,35
s50,-38.00503,-57.567111,36
s50,-38.010585,-57.571562,37
s50,-38.015615,-57.575669,38
s50,-38.006967,-57.587135,39
s50,-37.999802,-57.596648,40
s50,-37.999025,-57.597055,41
s50,-37.998805,-57.597914,42
s50,-37.990943,-57.608331,43
s51,-37.822883,-57.622837,1
s51,-37.823155,-57.62296,2
s51,-37.82332,-57.623507,3
s51,-37.876623,-57.608242,4
s51,-37.888885,-57.601247,5
s51,-37.889626,-57.600832,6
s51,-37.889592,-57.603729,7
s51,-37.887221,-57.604673,8
s51,-37.887831,-57.607505,9
s51,-37.892843,-57.605982,10
s51,-37.891827,-57.600296,11
s51,-37.914058,-57.593166,12
s51,-37.908985,-57.586596,13
s51,-37.910803,-57.583723,14
s51,-37.913749,-57.58677,15
s51,-37.915069,-57.592907,16
s51,-37.932988,-57.587149,17
s51,-37.934105,-57.587181,18
s51,-37.93457,-57.586827,19
s51,-37.933913,-57.585858,20
s51,-37.933743,-57.58449,21
s51,-37.934078,-57.583777,22
s51,-37.933752,-57.582017,23
s51,-37.93316,-57.581971,24
s51,-37.932749,-57.582344,25
s51,-37.933062,-57.584029,26
s51,-37.933646,-57.584608,27
s51,-37.933887,-57.585955,28
s51,-37.933346,-57.586711,29
s51,-37.933422,-57.587253,30
s51,-37.934192,-57.587269,31
s51,-37.934987,-57.586464,32
s51,-37.950976,-57.581806,33
s51,-37.95167,-57.581956,34
s51,-37.952288,-57.581334,35
s51,-37.956044,-57.580379,36
s51,-37.956577,-57.580572,37
s51,-37.957262,-57.580004,38
s51,-37.966135,-57.577536,39
s51,-37.967083,-57.577826,40
s51,-37.967641,-57.577279,41
s51,-37.967328,-57.576731,42
s51,-37.970534,-57.570369,43
s51,-37.97291,-57.572279,44
s51,-37.97746,-57.563267,45
s51,-37.982052,-57.55419,46
s51,-37.987726,-57.55875,47
s51,-37.990753,-57.552785,48
s51,-37.993958,-57.555381,49
s51,-37.994482,-57.554394,50
s51,-37.996467,-57.550507,51
s51,-38.001009,-57.541541,52
s51,-38.001922,-57.541852,53
s51,-38.002161,-57.542015,54
s51,-38.005159,-57.544484,55
s51,-38.003113,-57.54847,56
s51,-38.010388,-57.554334,57
s51,-38.011178,-57.55495,58
s51,-38.006545,-57.564107,59
s51,-38.005041,-57.567106,60
s51,-38.010585,-57.571562,61
s51,-38.015615,-57.575669,62
s51,-38.006967,-57.587135,63
s51,-37.999802,-57.596648,64
s51,-37.999025,-57.597055,65
s51,-37.998805,-57.597914,66
s51,-37.990943,-57.608331,67
s52,-37.889592,-57.603729,1
s52,-37.887221,-57.604673,2
s52,-37.887831,-57.607505,3
s52,-37.892843,-57.605982,4
s52,-37.891827,-57.600296,5
s52,-37.913812,-57.593204,6
s52,-37.91347,-57.592317,7
s52,-37.908933,-57.586598,8
s52,-37.910769,-57.583798,9
s52,-37.9138,-57.586759,10
s52,-37.915071,-57.592835,11
s52,-37.932988,-57.587149,12
s52,-37.934105,-57.587181,13
s52,-37.934951,-57.586441,14
s52,-37.950976,-57.581806,15
s52,-37.95167,-57.581956,16
s52,-37.952288,-57.581334,17
s52,-37.956044,-57.580379,18
s52,-37.956577,-57.580572,19
s52,-37.957262,-57.580004,20
s52,-37.966135,-57.577536,21
s52,-37.967083,-57.577826,22
s52,-37.967641,-57.577279,23
s52,-37.967328,-57.576731,24
s52,-37.970534,-57.570369,25
s52,-37.97291,-57.572279,26
s52,-37.97746,-57.563267,27
s52,-37.982052,-57.55419,28
s52,-37.987726,-57.55875,29
s52,-37.990753,-57.552785,30
s52,-37.993958,-57.555381,31
s52,-37.994482,-57.554394,32
s52,-38.001009,-57.541541,33
s52,-38.001922,-57.541852,34
s52,-38.002161,-57.542015,35
s52,-38.005159,-57.544484,36
s52,-38.003113,-57.54847,37
s52,-38.010388,-57.554334,38
s52,-38.011178,-57.55495,39
s52,-38.006545,-57.564107,40
s52,-38.005041,-57.567106,41
s52,-38.010585,-57.571562,42
s52,-38.015615,-57.575669,43
s52,-38.006967,-57.587135,44
s52,-37.999802,-57.596648,45
s52,-37.999025,-57.597055,46
s52,-37.998805,-57.597914,47
s52,-37.990943,-57.608331,48
s53,-37.822883,-57.622837,1
s53,-37.823155,-57.62296,2
s53,-37.82332,-57.623507,3
s53,-37.876623,-57.608242,4
s53,-37.888885,-57.601247,5
s53,-37.889626,-57.600832,6
s53,-37.889592,-57.603729,7
s53,-37.887221,-57.604673,8
s53,-37.887831,-57.607505,9
s53,-37.892843,-57.605982,10
s53,-37.891827,-57.600296,11
s53,-37.914058,-57.593166,12
s53,-37.908985,-57.586596,13
s53,-37.910803,-57.583723,14
s53,-37.913749,-57.58677,15
s53,-37.915069,-57.592907,16
s53,-37.932988,-57.587149,17
s53,-37.934105,-57.587181,18
s53,-37.93457,-57.586827,19
s53,-37.934987,-57.586464,20
s53,-37.950976,-57.581806,21
s53,-37.95167,-57.581956,22
s53,-37.952288,-57.581334,23
s53,-37.956044,-57.580379,24
s53,-37.956577,-57.580572,25
s53,-37.957262,-57.580004,26
s53,-37.966135,-57.577536,27
s53,-37.967083,-57.577826,28
s53,-37.967641,-57.577279,29
s53,-37.967328,-57.576731,30
s53,-37.970534,-57.570369,31
s53,-37.97291,-57.572279,32
s53,-37.97746,-57.563267,33
s53,-37.982052,-57.55419,34
s53,-37.987726,-57.55875,35
s53,-37.990753,-57.552785,36
s53,-37.993958,-57.555381,37
s53,-37.994482,-57.554394,38
s53,-38.001009,-57.541541,39
s53,-38.001922,-57.541852,40
s53,-38.002161,-57.542015,41
s53,-38.005159,-57.544484,42
s53,-38.003113,-57.54847,43
s53,-38.010388,-57.554334,44
s53,-38.011212,-57.554864,45
s53,-38.006781,-57.563939,46
s53,-38.005041,-57.567106,47
s53,-38.010551,-57.571471,48
s53,-38.015615,-57.575669,49
s53,-38.006967,-57.587135,50
s53,-37.999802,-57.596648,51
s53,-37.999025,-57.597055,52
s53,-37.998805,-57.597914,53
s53,-37.990943,-57.608331,54
s54,-37.889592,-57.603729,1
s54,-37.887221,-57.604673,2
s54,-37.887831,-57.607505,3
s54,-37.892843,-57.605982,4
s54,-37.891827,-57.600296,5
s54,-37.914024,-57.593043,6
s54,-37.908924,-57.586598,7
s54,-37.910786,-57.583852,8
s54,-37.913834,-57.586856,9
s54,-37.915173,-57.592696,10
s54,-37.932988,-57.587149,11
s54,-37.934105,-57.587181,12
s54,-37.934596,-57.586602,13
s54,-37.933976,-57.58588,14
s54,-37.933731,-57.584474,15
s54,-37.934095,-57.583659,16
s54,-37.933705,-57.581931,17
s54,-37.93316,-57.581971,18
s54,-37.93269,-57.582253,19
s54,-37.933045,-57.58397,20
s54,-37.933663,-57.584624,21
s54,-37.933925,-57.586094,22
s54,-37.933316,-57.58692,23
s54,-37.934171,-57.587253,24
s54,-37.934966,-57.586502,25
s54,-37.950976,-57.581806,26
s54,-37.95167,-57.581956,27
s54,-37.952288,-57.581334,28
s54,-37.956044,-57.580379,29
s54,-37.956577,-57.580572,30
s54,-37.957262,-57.580004,31
s54,-37.966135,-57.577536,32
s54,-37.967083,-57.577826,33
s54,-37.967641,-57.577279,34
s54,-37.967328,-57.576731,35
s54,-37.970534,-57.570369,36
s54,-37.97291,-57.572279,37
s54,-37.97746,-57.563267,38
s54,-37.982052,-57.55419,39
s54,-37.987726,-57.55875,40
s54,-37.990753,-57.552785,41
s54,-37.993958,-57.555381,42
s54,-37.994482,-57.554394,43
s54,-38.001009,-57.541541,44
s54,-38.001922,-57.541852,45
s54,-38.002161,-57.542015,46
s54,-38.005159,-57.544484,47
s54,-38.003113,-57.54847,48
s54,-38.010388,-57.554334,49
s54,-38.011178,-57.55495,50
s54,-38.006545,-57.564107,51
s54,-38.005041,-57.567106,52
s54,-38.010585,-57.571562,53
s54,-38.015615,-57.575669,54
s54,-38.006967,-57.587135,55
s54,-37.999802,-57.596648,56
s54,-37.999025,-57.597055,57
s54,-37.998805,-57.597914,58
s54,-37.990943,-57.608331,59
s55,-37.990943,-57.608331,1
s55,-37.996375,-57.601089,2
s55,-37.999152,-57.604453,3
s55,-38.009744,-57.590489,4
s55,-38.015134,-57.596991,5
s55,-38.018037,-57.593161,6
s55,-38.012611,-57.586648,7
s55,-38.011963,-57.587457,8
s55,-38.00925,-57.58416,9
s55,-38.009013,-57.584399,10
s55,-38.005501,-57.581589,11
s55,-38.010066,-57.572588,12
s55,-38.012095,-57.568592,13
s55,-38.00573,-57.563447,14
s55,-38.010388,-57.554334,15
s55,-38.010848,-57.553335,16
s55,-38.007704,-57.550771,17
s55,-38.011262,-57.54378,18
s55,-38.012842,-57.545078,19
s55,-38.013349,-57.544048,20
s55,-38.011752,-57.54276,21
s55,-38.007725,-57.539565,22
s55,-38.006668,-57.541598,23
s55,-38.006114,-57.542194,24
s55,-38.005185,-57.542574,25
s55,-38.004145,-57.542612,26
s55,-38.003281,-57.542081,27
s55,-38.002675,-57.5418,28
s55,-38.001223,-57.541434,29
s55,-37.999962,-57.541383,30
s55,-37.998832,-57.541667,31
s55,-37.998712,-57.541951,32
s55,-37.999113,-57.542329,33
s55,-37.997533,-57.548328,34
s55,-37.994482,-57.554394,35
s55,-37.984795,-57.546543,36
s55,-37.983786,-57.548566,37
s55,-37.979059,-57.544733,38
s55,-37.971971,-57.558793,39
s55,-37.970923,-57.560863,40
s55,-37.964478,-57.555681,41
s55,-37.963471,-57.557688,42
s55,-37.9587,-57.553804,43
s55,-37.952677,-57.565724,44
s55,-37.954267,-57.567022,45
s55,-37.946552,-57.582096,46
s55,-37.946416,-57.582718,47
s55,-37.934725,-57.586305,48
s55,-37.933523,-57.586455,49
s55,-37.932965,-57.586863,50
s55,-37.915057,-57.592614,51
s55,-37.913821,-57.586756,52
s55,-37.910774,-57.583838,53
s55,-37.908979,-57.586584,54
s55,-37.913149,-57.591906,55
s55,-37.913411,-57.592201,56
s55,-37.913661,-57.5927,57
s55,-37.913708,-57.593054,58
s55,-37.889473,-57.600853,59
s55,-37.889287,-57.602119,60
s55,-37.889592,-57.603729,61
s56,-37.889592,-57.603729,1
s56,-37.892257,-57.603017,2
s56,-37.892833,-57.605989,3
s56,-37.887829,-57.607459,4
s56,-37.887422,-57.606096,5
s56,-37.887194,-57.604616,6
s56,-37.887075,-57.604862,7
s56,-37.887719,-57.607652,8
s56,-37.892909,-57.606053,9
s56,-37.891791,-57.600313,10
s56,-37.913741,-57.593179,11
s56,-37.913267,-57.591805,12
s56,-37.908945,-57.586606,13
s56,-37.910791,-57.583816,14
s56,-37.913872,-57.586799,15
s56,-37.915074,-57.592828,16
s56,-37.93288,-57.587121,17
s56,-37.933794,-57.587249,18
s56,-37.934843,-57.586627,19
s56,-37.94865,-57.582396,20
s56,-37.948591,-57.582128,21
s56,-37.946416,-57.582718,22
s56,-37.954234,-57.566957,23
s56,-37.952677,-57.565724,24
s56,-37.958692,-57.553804,25
s56,-37.963505,-57.557709,26
s56,-37.964029,-57.556722,27
s56,-37.969612,-57.561228,28
s56,-37.971159,-57.558149,29
s56,-37.977773,-57.545103,30
s56,-37.985655,-57.551497,31
s56,-37.986644,-57.54948,32
s56,-37.993983,-57.555381,33
s56,-37.994482,-57.554394,34
s56,-37.997533,-57.548328,35
s56,-38.000959,-57.541584,36
s56,-38.001921,-57.541829,37
s56,-38.002161,-57.542015,38
s56,-38.005979,-57.545133,39
s56,-38.008021,-57.54118,40
s56,-38.011257,-57.54378,41
s56,-38.012028,-57.544425,42
s56,-38.008004,-57.552413,43
s56,-38.010388,-57.554334,44
s56,-38.011178,-57.554966,45
s56,-38.006545,-57.564107,46
s56,-38.006006,-57.565091,47
s56,-38.012371,-57.570208,48
s56,-38.010858,-57.573223,49
s56,-38.010066,-57.572588,50
s56,-38.006014,-57.580562,51
s56,-38.009742,-57.58348,52
s56,-38.009928,-57.583351,53
s56,-38.018034,-57.593179,54
s56,-38.015118,-57.597009,55
s56,-38.010393,-57.59128,56
s56,-38.011348,-57.590014,57
s56,-38.010697,-57.589198,58
s56,-38.009744,-57.590489,59
s56,-37.999149,-57.604465,60
s56,-37.997103,-57.602041,61
s56,-37.997771,-57.601118,62
s56,-37.997044,-57.60026,63
s56,-37.990943,-57.608331,64
s57,-38.050085,-57.539542,1
s57,-38.049274,-57.539443,2
s57,-38.049299,-57.541249,3
s57,-38.04633,-57.541834,4
s57,-38.041538,-57.548229,5
s57,-38.046969,-57.554823,6
s57,-38.041771,-57.561704,7
s57,-38.047223,-57.568288,8
s57,-38.044621,-57.571719,9
s57,-38.048811,-57.576689,10
s57,-38.045547,-57.580957,11
s57,-38.044185,-57.579347,12
s57,-38.039376,-57.585726,13
s57,-38.03319,-57.578216,14
s57,-38.022947,-57.56592,15
s57,-38.021815,-57.564955,16
s57,-38.013049,-57.557884,17
s57,-38.003438,-57.550149,18
s57,-38.00102,-57.548261,19
s57,-38.00386,-57.542596,20
s57,-38.003743,-57.542458,21
s57,-38.003148,-57.542013,22
s57,-38.002675,-57.5418,23
s57,-38.000969,-57.541423,24
s57,-38.000114,-57.541364,25
s57,-37.998874,-57.541667,26
s57,-37.998772,-57.54205,27
s57,-37.998963,-57.542316,28
s57,-37.998258,-57.544596,29
s57,-37.994663,-57.551635,30
s57,-37.995536,-57.5523,31
s57,-37.997198,-57.553647,32
s57,-37.993108,-57.561672,33
s57,-37.99141,-57.560395,34
s57,-37.983332,-57.553829,35
s57,-37.975456,-57.547452,36
s57,-37.974441,-57.549437,37
s57,-37.969629,-57.545553,38
s57,-37.957416,-57.569654,39
s57,-37.951704,-57.580937,40
s57,-37.951086,-57.581366,41
s57,-37.951222,-57.582021,42
s57,-37.938928,-57.60615,43
s57,-37.939248,-57.606676,44
s58,-37.939248,-57.606676,1
s58,-37.93899,-57.606089,2
s58,-37.951173,-57.582035,3
s58,-37.951951,-57.581863,4
s58,-37.952273,-57.581391,5
s58,-37.951732,-57.580898,6
s58,-37.957416,-57.569654,7
s58,-37.970138,-57.544613,8
s58,-37.974164,-57.547832,9
s58,-37.975213,-57.545772,10
s58,-37.983872,-57.552874,11
s58,-37.991943,-57.559372,12
s58,-37.99607,-57.551204,13
s58,-38.000969,-57.541587,14
s58,-38.001956,-57.541802,15
s58,-38.00273,-57.542457,16
s58,-38.005178,-57.544479,17
s58,-38.002091,-57.550457,18
s58,-38.002937,-57.551165,19
s58,-38.012506,-57.558857,20
s58,-38.022286,-57.566764,21
s58,-38.025092,-57.570112,22
s58,-38.03323,-57.579918,23
s58,-38.038757,-57.58657,24
s58,-38.04419,-57.579371,25
s58,-38.045567,-57.580959,26
s58,-38.048811,-57.576689,27
s58,-38.044629,-57.571743,28
s58,-38.047223,-57.568288,29
s58,-38.041773,-57.561722,30
s58,-38.046969,-57.554823,31
s58,-38.042246,-57.54903,32
s58,-38.04582,-57.544191,33
s58,-38.04533,-57.543215,34
s58,-38.04637,-57.541798,35
s58,-38.049437,-57.541294,36
s58,-38.049935,-57.540801,37
s58,-38.050085,-57.539542,38
s59,-38.050085,-57.539542,1
s59,-38.049288,-57.539474,2
s59,-38.049376,-57.541292,3
s59,-38.046297,-57.541882,4
s59,-38.041548,-57.548266,5
s59,-38.046969,-57.554823,6
s59,-38.041764,-57.561699,7
s59,-38.047223,-57.568288,8
s59,-38.054074,-57.576537,9
s59,-38.051523,-57.579929,10
s59,-38.053585,-57.582418,11
s59,-38.053872,-57.583083,12
s59,-38.054725,-57.583748,13
s59,-38.05829,-57.587986,14
s59,-38.058721,-57.588168,15
s59,-38.058468,-57.588555,16
s59,-38.058138,-57.587965,17
s59,-38.054675,-57.583877,18
s59,-38.053796,-57.583179,19
s59,-38.05345,-57.582418,20
s59,-38.051464,-57.580036,21
s59,-38.043429,-57.590615,22
s59,-38.042094,-57.589016,23
s59,-38.039086,-57.592975,24
s59,-38.038182,-57.592524,25
s59,-38.035681,-57.591408,26
s59,-38.021706,-57.574557,27
s59,-38.01893,-57.571163,28
s59,-38.009154,-57.563281,29
s59,-38.00127,-57.556935,30
s59,-37.997974,-57.554265,31
s59,-38.003757,-57.542828,32
s59,-38.003774,-57.542506,33
s59,-38.003106,-57.541994,34
s59,-38.002675,-57.5418,35
s59,-38.00012,-57.541356,36
s59,-37.998868,-57.541651,37
s59,-37.998763,-57.541943,38
s59,-37.998969,-57.542292,39
s59,-37.998255,-57.544564,40
s59,-37.994665,-57.551645,41
s59,-37.995536,-57.5523,42
s59,-37.997173,-57.553648,43
s59,-37.993104,-57.561668,44
s59,-37.991424,-57.560408,45
s59,-37.98639,-57.570444,46
s59,-37.984743,-57.569118,47
s59,-37.985246,-57.568055,48
s59,-37.984462,-57.567396,49
s59,-37.982884,-57.570518,50
s59,-37.980474,-57.568538,51
s59,-37.977462,-57.574546,52
s59,-37.967888,-57.566843,53
s59,-37.961494,-57.561693,54
s59,-37.953322,-57.577636,55
s59,-37.945232,-57.571021,56
s59,-37.945418,-57.570713,57
s60,-38.050085,-57.539542,1
s60,-38.049288,-57.539474,2
s60,-38.049376,-57.541292,3
s60,-38.046297,-57.541882,4
s60,-38.041548,-57.548266,5
s60,-38.046969,-57.554823,6
s60,-38.041764,-57.561699,7
s60,-38.047223,-57.568288,8
s60,-38.054074,-57.576537,9
s60,-38.051523,-57.579929,10
s60,-38.053585,-57.582418,11
s60,-38.053872,-57.583083,12
s60,-38.054725,-57.583748,13
s60,-38.05829,-57.587986,14
s60,-38.058721,-57.588168,15
s60,-38.058468,-57.588555,16
s60,-38.058138,-57.587965,17
s60,-38.054675,-57.583877,18
s60,-38.053796,-57.583179,19
s60,-38.05345,-57.582418,20
s60,-38.051464,-57.580036,21
s60,-38.043429,-57.590615,22
s60,-38.042094,-57.589016,23
s60,-38.039086,-57.592975,24
s60,-38.038182,-57.592524,25
s60,-38.035681,-57.591408,26
s60,-38.021706,-57.574557,27
s60,-38.01893,-57.571163,28
s60,-38.009154,-57.563281,29
s60,-38.00127,-57.556935,30
s60,-37.997974,-57.554265,31
s60,-38.003757,-57.542828,32
s60,-38.003774,-57.542506,33
s60,-38.003106,-57.541994,34
s60,-38.002675,-57.5418,35
s60,-38.00012,-57.541356,36
s60,-37.998868,-57.541651,37
s60,-37.998763,-57.541943,38
s60,-37.998969,-57.542292,39
s60,-37.998255,-57.544564,40
s60,-37.994665,-57.551645,41
s60,-37.995536,-57.5523,42
s60,-37.997173,-57.553648,43
s60,-37.993104,-57.561668,44
s60,-37.991424,-57.560408,45
s60,-37.98639,-57.570444,46
s60,-37.984743,-57.569118,47
s60,-37.985246,-57.568055,48
s60,-37.984462,-57.567396,49
s60,-37.982884,-57.570518,50
s60,-37.980474,-57.568538,51
s60,-37.977462,-57.574546,52
s60,-37.967888,-57.566843,53
s60,-37.963862,-57.574804,54
s60,-37.960682,-57.572229,55
s60,-37.956977,-57.579567,56
s60,-37.957044,-57.58034,57
s60,-37.956604,-57.58064,58
s60,-37.956029,-57.580318,59
s60,-37.955911,-57.579718,60
s60,-37.953322,-57.577636,61
s60,-37.945232,-57.571021,62
s60,-37.945418,-57.570713,63
s61,-37.945418,-57.570713,1
s61,-37.94559,-57.570899,2
s61,-37.94543,-57.571279,3
s61,-37.952486,-57.577009,4
s61,-37.951868,-57.578259,5
s61,-37.952803,-57.578854,6
s61,-37.962016,-57.560649,7
s61,-37.968396,-57.565792,8
s61,-37.967888,-57.566843,9
s61,-37.971018,-57.569375,10
s61,-37.970527,-57.570426,11
s61,-37.97528,-57.574203,12
s61,-37.976274,-57.572222,13
s61,-37.977932,-57.573531,14
s61,-37.978236,-57.572951,15
s61,-37.979949,-57.569611,16
s61,-37.983179,-57.572122,17
s61,-37.984735,-57.569118,18
s61,-37.98639,-57.570444,19
s61,-37.988033,-57.571714,20
s61,-37.986934,-57.573838,21
s61,-37.985378,-57.572486,22
s61,-37.992514,-57.558389,23
s61,-38.000969,-57.541544,24
s61,-38.001926,-57.541834,25
s61,-38.00273,-57.542457,26
s61,-38.005163,-57.544452,27
s61,-37.999541,-57.555513,28
s61,-38.00127,-57.556935,29
s61,-38.009154,-57.563281,30
s61,-38.018925,-57.571177,31
s61,-38.021706,-57.574557,32
s61,-38.035849,-57.591559,33
s61,-38.037107,-57.592124,34
s61,-38.038182,-57.592524,35
s61,-38.041444,-57.58819,36
s61,-38.043489,-57.590625,37
s61,-38.051456,-57.580036,38
s61,-38.053466,-57.58245,39
s61,-38.053745,-57.583104,40
s61,-38.054725,-57.583855,41
s61,-38.058316,-57.588136,42
s61,-38.058468,-57.588533,43
s61,-38.058738,-57.588158,44
s61,-38.058333,-57.588007,45
s61,-38.054818,-57.583802,46
s61,-38.053804,-57.583019,47
s61,-38.053534,-57.582396,48
s61,-38.051523,-57.579929,49
s61,-38.054092,-57.576571,50
s61,-38.047223,-57.568288,51
s61,-38.041782,-57.561711,52
s61,-38.046969,-57.554823,53
s61,-38.042272,-57.549062,54
s61,-38.045871,-57.544169,55
s61,-38.045339,-57.543247,56
s61,-38.046395,-57.541831,57
s61,-38.04947,-57.541219,58
s61,-38.049935,-57.540768,59
s61,-38.050085,-57.539542,60
s62,-37.945418,-57.570713,1
s62,-37.94559,-57.570899,2
s62,-37.94543,-57.571279,3
s62,-37.952531,-57.576964,4
s62,-37.951871,-57.578251,5
s62,-37.952768,-57.57882,6
s62,-37.95336,-57.577672,7
s62,-37.955988,-57.579734,8
s62,-37.956216,-57.580619,9
s62,-37.956914,-57.580485,10
s62,-37.95701,-57.579482,11
s62,-37.960679,-57.572236,12
s62,-37.963845,-57.574761,13
s62,-37.967888,-57.566843,14
s62,-37.971018,-57.569375,15
s62,-37.970527,-57.570426,16
s62,-37.975306,-57.574171,17
s62,-37.976316,-57.572211,18
s62,-37.977923,-57.573531,19
s62,-37.978236,-57.572951,20
s62,-37.979949,-57.569611,21
s62,-37.983179,-57.572122,22
s62,-37.984735,-57.569118,23
s62,-37.98639,-57.570444,24
s62,-37.988033,-57.571714,25
s62,-37.986934,-57.573838,26
s62,-37.985378,-57.572486,27
s62,-37.992514,-57.558389,28
s62,-38.000969,-57.541544,29
s62,-38.001926,-57.541834,30
s62,-38.00273,-57.542457,31
s62,-38.005163,-57.544452,32
s62,-37.999541,-57.555513,33
s62,-38.00127,-57.556935,34
s62,-38.009154,-57.563281,35
s62,-38.018925,-57.571177,36
s62,-38.021706,-57.574557,37
s62,-38.0359,-57.59158,38
s62,-38.037107,-57.59222,39
s62,-38.038182,-57.592524,40
s62,-38.041435,-57.588179,41
s62,-38.043472,-57.590625,42
s62,-38.051456,-57.580036,43
s62,-38.053466,-57.58245,44
s62,-38.053745,-57.583104,45
s62,-38.054725,-57.583855,46
s62,-38.058316,-57.588136,47
s62,-38.058468,-57.588533,48
s62,-38.058738,-57.588158,49
s62,-38.058333,-57.588007,50
s62,-38.054818,-57.583802,51
s62,-38.053804,-57.583019,52
s62,-38.053534,-57.582396,53
s62,-38.051523,-57.579929,54
s62,-38.054092,-57.576571,55
s62,-38.047223,-57.568288,56
s62,-38.041782,-57.561711,57
s62,-38.046969,-57.554823,58
s62,-38.042272,-57.549062,59
s62,-38.045871,-57.544169,60
s62,-38.045339,-57.543247,61
s62,-38.046395,-57.541831,62
s62,-38.04947,-57.541219,63
s62,-38.049935,-57.540768,64
s62,-38.050085,-57.539542,65
s63,-38.050085,-57.539542,1
s63,-38.049274,-57.539443,2
s63,-38.049299,-57.541249,3
s63,-38.04633,-57.541834,4
s63,-38.041538,-57.548229,5
s63,-38.046969,-57.554823,6
s63,-38.044357,-57.558271,7
s63,-38.047077,-57.561536,8
s63,-38.049663,-57.55806,9
s63,-38.05246,-57.561387,10
s63,-38.056641,-57.566278,11
s63,-38.048811,-57.576689,12
s63,-38.044673,-57.571719,13
s63,-38.0392,-57.578961,14
s63,-38.035776,-57.574826,15
s63,-38.03319,-57.578216,16
s63,-38.022947,-57.56592,17
s63,-38.021815,-57.564955,18
s63,-38.013049,-57.557884,19
s63,-38.003438,-57.550149,20
s63,-38.00102,-57.548261,21
s63,-38.00386,-57.542596,22
s63,-38.003743,-57.542458,23
s63,-38.003148,-57.542013,24
s63,-38.002675,-57.5418,25
s63,-38.000969,-57.541423,26
s63,-38.000114,-57.541364,27
s63,-37.998874,-57.541667,28
s63,-37.998772,-57.54205,29
s63,-37.998963,-57.542316,30
s63,-37.998258,-57.544596,31
s63,-37.994663,-57.551635,32
s63,-37.995536,-57.5523,33
s63,-37.997198,-57.553647,34
s63,-37.993108,-57.561672,35
s63,-37.99141,-57.560395,36
s63,-37.983332,-57.553829,37
s63,-37.975456,-57.547452,38
s63,-37.974441,-57.549437,39
s63,-37.969629,-57.545553,40
s63,-37.970916,-57.543055,41
s63,-37.970718,-57.542583,42
s63,-37.969918,-57.542583,43
s63,-37.967249,-57.541543,44
s63,-37.965207,-57.540829,45
s63,-37.960758,-57.549712,46
s63,-37.956038,-57.545893,47
s63,-37.943853,-57.569951,48
s63,-37.943842,-57.570012,49
s63,-37.946228,-57.571878,50
s63,-37.944181,-57.575998,51
s63,-37.945771,-57.577264,52
s63,-37.947819,-57.573144,53
s63,-37.953335,-57.577629,54
s63,-37.951704,-57.580937,55
s63,-37.951086,-57.581366,56
s63,-37.951222,-57.582021,57
s63,-37.938928,-57.60615,58
s63,-37.939248,-57.606676,59
s64,-37.939248,-57.606676,1
s64,-37.938903,-57.606096,2
s64,-37.945249,-57.593704,3
s64,-37.948472,-57.59629,4
s64,-37.950029,-57.593297,5
s64,-37.949411,-57.592664,6
s64,-37.946814,-57.590636,7
s64,-37.951171,-57.582085,8
s64,-37.951924,-57.581881,9
s64,-37.952305,-57.581377,10
s64,-37.951806,-57.580669,11
s64,-37.952745,-57.578845,12
s64,-37.95101,-57.577718,13
s64,-37.951738,-57.576302,14
s64,-37.947787,-57.57318,15
s64,-37.945748,-57.577214,16
s64,-37.944191,-57.575927,17
s64,-37.946205,-57.571893,18
s64,-37.943853,-57.569951,19
s64,-37.956035,-57.54595,20
s64,-37.96073,-57.549738,21
s64,-37.965137,-57.541058,22
s64,-37.969823,-57.542753,23
s64,-37.97055,-57.54359,24
s64,-37.971591,-57.542657,25
s64,-37.973291,-57.542914,26
s64,-37.975346,-57.543161,27
s64,-37.976987,-57.544459,28
s64,-37.975963,-57.546487,29
s64,-37.983872,-57.552874,30
s64,-37.991943,-57.559372,31
s64,-37.99607,-57.551204,32
s64,-38.000986,-57.541609,33
s64,-38.001897,-57.541798,34
s64,-38.00273,-57.542457,35
s64,-38.005177,-57.544481,36
s64,-38.002083,-57.550489,37
s64,-38.002937,-57.551165,38
s64,-38.012506,-57.558857,39
s64,-38.022303,-57.566786,40
s64,-38.025092,-57.570112,41
s64,-38.032543,-57.579077,42
s64,-38.03319,-57.578216,43
s64,-38.035725,-57.574847,44
s64,-38.039207,-57.578988,45
s64,-38.044648,-57.571757,46
s64,-38.048811,-57.576689,47
s64,-38.056548,-57.566357,48
s64,-38.05246,-57.561387,49
s64,-38.04965,-57.558131,50
s64,-38.047065,-57.561586,51
s64,-38.044361,-57.558281,52
s64,-38.046969,-57.554823,53
s64,-38.042249,-57.549033,54
s64,-38.045911,-57.544162,55
s64,-38.04541,-57.543143,56
s64,-38.046395,-57.541802,57
s64,-38.049442,-57.541265,58
s64,-38.049968,-57.540649,59
s64,-38.050085,-57.539542,60
s65,-38.054771,-57.595797,1
s65,-38.051424,-57.600253,2
s65,-38.058301,-57.608557,3
s65,-38.058558,-57.609215,4
s65,-38.05866,-57.610427,5
s65,-38.058761,-57.611006,6
s65,-38.059091,-57.61135,7
s65,-38.059454,-57.611178,8
s65,-38.059116,-57.60973,9
s65,-38.058364,-57.608464,10
s65,-38.056529,-57.610876,11
s65,-38.04321,-57.594895,12
s65,-38.040977,-57.593712,13
s65,-38.038182,-57.592524,14
s65,-38.036407,-57.591838,15
s65,-38.03525,-57.590936,16
s65,-38.021706,-57.574557,17
s65,-38.018928,-57.571163,18
s65,-38.00439,-57.559488,19
s65,-37.995536,-57.5523,20
s65,-37.986323,-57.544813,21
s65,-37.981697,-57.544019,22
s65,-37.979067,-57.543869,23
s65,-37.975287,-57.543011,24
s65,-37.971411,-57.542353,25
s65,-37.970373,-57.542603,26
s65,-37.969578,-57.542485,27
s65,-37.965129,-57.540843,28
s65,-37.963276,-57.540468,29
s65,-37.959504,-57.540307,30
s65,-37.958971,-57.540039,31
s65,-37.956034,-57.545933,32
s65,-37.943853,-57.569983,33
s65,-37.946179,-57.571936,34
s65,-37.944657,-57.574961,35
s65,-37.94623,-57.576238,36
s65,-37.947812,-57.573105,37
s65,-37.945211,-57.571005,38
s65,-37.945418,-57.570713,39
s66,-37.945418,-57.570713,1
s66,-37.945241,-57.571032,2
s66,-37.943847,-57.569965,3
s66,-37.956034,-57.545933,4
s66,-37.958949,-57.54015,5
s66,-37.959718,-57.540391,6
s66,-37.961998,-57.540568,7
s66,-37.96328,-57.540525,8
s66,-37.9652,-57.540965,9
s66,-37.969809,-57.542692,10
s66,-37.970159,-57.542964,11
s66,-37.970355,-57.543175,12
s66,-37.970575,-57.543374,13
s66,-37.970938,-57.543046,14
s66,-37.971539,-57.542671,15
s66,-37.975451,-57.543111,16
s66,-37.979421,-57.544012,17
s66,-37.981666,-57.544146,18
s66,-37.984664,-57.544715,19
s66,-37.986288,-57.544919,20
s66,-37.986787,-57.54523,21
s66,-37.995536,-57.5523,22
s66,-38.00439,-57.559488,23
s66,-38.018958,-57.571199,24
s66,-38.021706,-57.574557,25
s66,-38.035674,-57.591391,26
s66,-38.038182,-57.592524,27
s66,-38.042907,-57.594674,28
s66,-38.056452,-57.610955,29
s66,-38.058192,-57.608675,30
s66,-38.05842,-57.608889,31
s66,-38.0588,-57.611137,32
s66,-38.059383,-57.610858,33
s66,-38.058999,-57.609388,34
s66,-38.058306,-57.608508,35
s66,-38.051441,-57.600231,36
s66,-38.054771,-57.595797,37
s67,-38.050085,-57.539542,1
s67,-38.049274,-57.539474,2
s67,-38.049363,-57.541244,3
s67,-38.046541,-57.541759,4
s67,-38.046203,-57.541941,5
s67,-38.038882,-57.551733,6
s67,-38.036111,-57.548354,7
s67,-38.035493,-57.549284,8
s67,-38.026226,-57.561564,9
s67,-38.024195,-57.564104,10
s67,-38.014051,-57.55585,11
s67,-38.005336,-57.548844,12
s67,-38.002073,-57.546195,13
s67,-38.003696,-57.542934,14
s67,-38.003776,-57.542505,15
s67,-38.00315,-57.542136,16
s67,-38.002402,-57.541787,17
s67,-38.001904,-57.541691,18
s67,-38.000577,-57.541401,19
s67,-37.999326,-57.541541,20
s67,-37.998861,-57.54168,21
s67,-37.998761,-57.542016,22
s67,-37.998898,-57.542209,23
s67,-37.998184,-57.544511,24
s67,-37.997626,-57.545841,25
s67,-37.99465,-57.551572,26
s67,-37.996391,-57.552996,27
s67,-38.000408,-57.556196,28
s67,-37.995858,-57.565312,29
s67,-37.987166,-57.582414,30
s67,-37.9854,-57.585797,31
s67,-37.984918,-57.585969,32
s67,-37.984563,-57.586162,33
s67,-37.984749,-57.586613,34
s67,-37.984656,-57.587332,35
s67,-37.97597,-57.604483,36
s67,-37.970896,-57.614443,37
s67,-37.975717,-57.618306,38
s67,-37.973738,-57.622318,39
s67,-37.968875,-57.618434,40
s67,-37.958134,-57.639743,41
s67,-37.962771,-57.645346,42
s67,-37.957677,-57.652084,43
s67,-37.956016,-57.654265,44
s67,-37.956044,-57.654303,45
s67,-37.957678,-57.65215,46
s67,-37.957903,-57.652366,47
s68,-37.957903,-57.652366,1
s68,-37.95769,-57.652131,2
s68,-37.956035,-57.654327,3
s68,-37.955993,-57.654281,4
s68,-37.962794,-57.645321,5
s68,-37.958134,-57.639743,6
s68,-37.968909,-57.618467,7
s68,-37.97373,-57.622372,8
s68,-37.975709,-57.618295,9
s68,-37.972587,-57.615752,10
s68,-37.970955,-57.614464,11
s68,-37.97597,-57.604483,12
s68,-37.98469,-57.587278,13
s68,-37.985197,-57.586849,14
s68,-37.985493,-57.586977,15
s68,-37.985637,-57.586623,16
s68,-37.985501,-57.586162,17
s68,-37.985578,-57.585701,18
s68,-37.987166,-57.582414,19
s68,-37.995858,-57.565312,20
s68,-37.999867,-57.557355,21
s68,-38.001516,-57.558653,22
s68,-38.002099,-57.55757,23
s68,-37.996391,-57.552996,24
s68,-37.995576,-57.552295,25
s68,-37.997292,-57.54876,26
s68,-37.997596,-57.548465,27
s68,-37.997757,-57.54833,28
s68,-37.997803,-57.54781,29
s68,-38.000932,-57.541636,30
s68,-38.001917,-57.541872,31
s68,-38.002161,-57.542015,32
s68,-38.005159,-57.544484,33
s68,-38.003117,-57.548465,34
s68,-38.00482,-57.549841,35
s68,-38.013544,-57.556874,36
s68,-38.023654,-57.565037,37
s68,-38.026298,-57.561514,38
s68,-38.030385,-57.556173,39
s68,-38.035493,-57.549284,40
s68,-38.036821,-57.547613,41
s68,-38.040268,-57.551701,42
s68,-38.045766,-57.544373,43
s68,-38.045734,-57.543966,44
s68,-38.045453,-57.543453,45
s68,-38.045291,-57.543341,46
s68,-38.045656,-57.542877,47
s68,-38.046302,-57.541941,48
s68,-38.046575,-57.541804,49
s68,-38.049414,-57.541271,50
s68,-38.049849,-57.540869,51
s68,-38.050026,-57.540327,52
s68,-38.050085,-57.539542,53
s69,-38.050085,-57.539542,1
s69,-38.049274,-57.539467,2
s69,-38.049384,-57.541237,3
s69,-38.046351,-57.541891,4
s69,-38.038898,-57.55174,5
s69,-38.036084,-57.548361,6
s69,-38.035493,-57.549284,7
s69,-38.026298,-57.561514,8
s69,-38.018243,-57.572147,9
s69,-38.006967,-57.587135,10
s69,-38.002994,-57.592435,11
s69,-38.000052,-57.596297,12
s69,-37.99908,-57.597027,13
s69,-37.99891,-57.597778,14
s69,-37.995123,-57.602815,15
s69,-37.993685,-57.604569,16
s69,-37.990667,-57.602091,17
s69,-37.992679,-57.598078,18
s69,-37.989525,-57.59553,19
s69,-37.98402,-57.591051,20
s69,-37.983479,-57.592038,21
s69,-37.982625,-57.591351,22
s69,-37.984773,-57.587178,23
s69,-37.985576,-57.586834,24
s69,-37.985171,-57.586019,25
s69,-37.984308,-57.585697,26
s69,-37.980807,-57.583058,27
s69,-37.980435,-57.582124,28
s69,-37.979445,-57.581856,29
s69,-37.975674,-57.578788,30
s69,-37.975454,-57.578316,31
s69,-37.975022,-57.57823,32
s69,-37.972544,-57.576417,33
s69,-37.97087,-57.576256,34
s69,-37.967664,-57.57705,35
s69,-37.966886,-57.576975,36
s69,-37.966108,-57.577586,37
s69,-37.95704,-57.579936,38
s69,-37.956448,-57.579871,39
s69,-37.955813,-57.580365,40
s69,-37.952379,-57.581304,41
s69,-37.951935,-57.581154,42
s69,-37.951858,-57.580617,43
s69,-37.952785,-57.578852,44
s69,-37.951067,-57.577672,45
s69,-37.951744,-57.576256,46
s69,-37.945399,-57.571256,47
s69,-37.943884,-57.56992,48
s69,-37.94792,-57.561922,49
s69,-37.943741,-57.5585,50
s69,-37.943453,-57.557631,51
s69,-37.932419,-57.544327,52
s69,-37.928763,-57.548962,53
s69,-37.928378,-57.547669,54
s69,-37.928057,-57.547358,55
s69,-37.926732,-57.545764,56
s69,-37.92614,-57.545432,57
s69,-37.923855,-57.54276,58
s69,-37.932301,-57.531624,59
s69,-37.935764,-57.532659,60
s70,-38.050085,-57.539542,1
s70,-38.049265,-57.539477,2
s70,-38.049367,-57.54128,3
s70,-38.046334,-57.541881,4
s70,-38.038932,-57.551762,5
s70,-38.036118,-57.548382,6
s70,-38.035493,-57.549284,7
s70,-38.026298,-57.561514,8
s70,-38.018243,-57.572147,9
s70,-38.006967,-57.587135,10
s70,-37.9999,-57.596426,11
s70,-37.999113,-57.597038,12
s70,-37.998843,-57.597896,13
s70,-37.995123,-57.602815,14
s70,-37.991071,-57.608139,15
s70,-37.985445,-57.603588,16
s70,-37.980663,-57.599741,17
s70,-37.981255,-57.598668,18
s70,-37.979581,-57.59737,19
s70,-37.976959,-57.602445,20
s70,-37.972096,-57.598572,21
s70,-37.968899,-57.595965,22
s70,-37.967241,-57.594581,23
s70,-37.960813,-57.589452,24
s70,-37.962877,-57.585332,25
s70,-37.957023,-57.580547,26
s70,-37.957023,-57.580032,27
s70,-37.956465,-57.579839,28
s70,-37.955636,-57.580397,29
s70,-37.951981,-57.581298,30
s70,-37.951846,-57.580676,31
s70,-37.952759,-57.578895,32
s70,-37.951017,-57.577651,33
s70,-37.951693,-57.57632,34
s70,-37.945399,-57.571256,35
s70,-37.943872,-57.56992,36
s70,-37.947916,-57.561901,37
s70,-37.943724,-57.55851,38
s70,-37.943521,-57.557749,39
s70,-37.932419,-57.544305,40
s70,-37.92878,-57.549005,41
s70,-37.928476,-57.547846,42
s70,-37.927985,-57.547417,43
s70,-37.926648,-57.545673,44
s70,-37.926119,-57.545426,45
s70,-37.923893,-57.542723,46
s70,-37.932284,-57.531624,47
s70,-37.935764,-57.532659,48
s87,-38.037125,-57.543588,1
s87,-38.034768,-57.541659,2
s87,-38.030703,-57.549684,3
s87,-38.020316,-57.541251,4
s87,-38.017282,-57.54727,5
s87,-38.011752,-57.54276,6
s87,-38.007739,-57.539567,7
s87,-38.00653,-57.54182,8
s87,-38.005465,-57.542506,9
s87,-38.003994,-57.542582,10
s87,-38.001956,-57.54167,11
s87,-38.000248,-57.541369,12
s87,-37.998879,-57.541605,13
s87,-37.99871,-57.542056,14
s87,-37.998929,-57.542228,15
s87,-37.998194,-57.544534,16
s87,-37.997272,-57.546551,17
s87,-37.994677,-57.551615,18
s87,-38.00127,-57.556935,19
s87,-38.017992,-57.570444,20
s87,-38.018981,-57.571174,21
s87,-38.031886,-57.586827,22
s87,-38.03263,-57.587686,23
s87,-38.034054,-57.589397,24
s87,-38.03537,-57.591024,25
s87,-38.034698,-57.591952,26
s87,-38.032005,-57.595507,27
s87,-38.023368,-57.606955,28
s87,-38.021297,-57.60968,29
s87,-38.022675,-57.611321,30
s87,-38.018778,-57.616439,31
s87,-38.01948,-57.617265,32
s87,-38.017468,-57.619872,33
s87,-38.026951,-57.631234,34
s87,-38.026823,-57.631484,35
s71,-37.935764,-57.532659,1
s71,-37.932402,-57.531468,2
s71,-37.92388,-57.542717,3
s71,-37.926123,-57.54541,4
s71,-37.926732,-57.545711,5
s71,-37.928374,-57.547685,6
s71,-37.928721,-57.54879,7
s71,-37.928822,-57.548951,8
s71,-37.932377,-57.544284,9
s71,-37.943351,-57.557459,10
s71,-37.943724,-57.55851,11
s71,-37.947895,-57.561911,12
s71,-37.943868,-57.570001,13
s71,-37.945399,-57.571256,14
s71,-37.953318,-57.577661,15
s71,-37.951812,-57.580676,16
s71,-37.951118,-57.581459,17
s71,-37.951093,-57.581856,18
s71,-37.951947,-57.581781,19
s71,-37.952548,-57.581363,20
s71,-37.95605,-57.580429,21
s71,-37.956651,-57.580526,22
s71,-37.957387,-57.580043,23
s71,-37.966235,-57.577597,24
s71,-37.967072,-57.577758,25
s71,-37.967994,-57.577136,26
s71,-37.971335,-57.576277,27
s71,-37.972984,-57.576749,28
s71,-37.974845,-57.578251,29
s71,-37.975166,-57.578841,30
s71,-37.975733,-57.578959,31
s71,-37.979505,-57.582028,32
s71,-37.979936,-57.582833,33
s71,-37.980807,-57.583058,34
s71,-37.984164,-57.585837,35
s71,-37.982262,-57.589688,36
s71,-37.989525,-57.59553,37
s71,-37.992671,-57.5981,38
s71,-37.99065,-57.602037,39
s71,-37.993694,-57.60458,40
s71,-37.995123,-57.602815,41
s71,-37.998927,-57.597799,42
s71,-37.999764,-57.598057,43
s71,-37.99995,-57.596469,44
s71,-38.006967,-57.587135,45
s71,-38.018243,-57.572147,46
s71,-38.026298,-57.561514,47
s71,-38.035493,-57.549284,48
s71,-38.036824,-57.547572,49
s71,-38.040263,-57.551687,50
s71,-38.045776,-57.544338,51
s71,-38.045746,-57.544005,52
s71,-38.045345,-57.543275,53
s71,-38.046329,-57.541897,54
s71,-38.049354,-57.541285,55
s71,-38.049878,-57.540931,56
s71,-38.050871,-57.541113,57
s71,-38.051027,-57.539649,58
s71,-38.050085,-57.539542,59
s72,-37.935764,-57.532659,1
s72,-37.932351,-57.531559,2
s72,-37.923863,-57.542728,3
s72,-37.926097,-57.5454,4
s72,-37.926715,-57.545722,5
s72,-37.928002,-57.547331,6
s72,-37.928408,-57.547717,7
s72,-37.928721,-57.548811,8
s72,-37.928797,-57.548929,9
s72,-37.932377,-57.544284,10
s72,-37.943301,-57.557427,11
s72,-37.943758,-57.55851,12
s72,-37.947912,-57.56189,13
s72,-37.943834,-57.570065,14
s72,-37.945399,-57.571256,15
s72,-37.953259,-57.577608,16
s72,-37.951854,-57.580698,17
s72,-37.951067,-57.58162,18
s72,-37.951719,-57.581931,19
s72,-37.952489,-57.581331,20
s72,-37.95594,-57.580472,21
s72,-37.956566,-57.580537,22
s72,-37.957209,-57.580762,23
s72,-37.962919,-57.585354,24
s72,-37.960868,-57.589458,25
s72,-37.967275,-57.594645,26
s72,-37.96774,-57.593637,27
s72,-37.972612,-57.597563,28
s72,-37.977467,-57.601468,29
s72,-37.979048,-57.598464,30
s72,-37.985445,-57.603588,31
s72,-37.991064,-57.608158,32
s72,-37.995123,-57.602815,33
s72,-37.996374,-57.601056,34
s72,-37.998834,-57.597885,35
s72,-37.999747,-57.598003,36
s72,-37.99995,-57.596458,37
s72,-38.006967,-57.587135,38
s72,-38.018243,-57.572147,39
s72,-38.026298,-57.561514,40
s72,-38.035493,-57.549284,41
s72,-38.036769,-57.547524,42
s72,-38.040284,-57.55173,43
s72,-38.045776,-57.544327,44
s72,-38.045362,-57.543254,45
s72,-38.046359,-57.541881,46
s72,-38.049384,-57.541248,47
s72,-38.049848,-57.540915,48
s72,-38.050871,-57.541097,49
s72,-38.051048,-57.53966,50
s72,-38.050085,-57.539542,51
s73,-38.050085,-57.539542,1
s73,-38.049244,-57.539463,2
s73,-38.049329,-57.541308,3
s73,-38.046287,-57.541888,4
s73,-38.042265,-57.547317,5
s73,-38.039511,-57.543969,6
s73,-38.038784,-57.544978,7
s73,-38.029884,-57.537764,8
s73,-38.0196,-57.529421,9
s73,-38.012551,-57.54339,10
s73,-38.011752,-57.54276,11
s73,-38.010961,-57.542167,12
s73,-38.006904,-57.550149,13
s73,-38.003613,-57.547485,14
s73,-38.002051,-57.546201,15
s73,-38.003759,-57.542725,16
s73,-38.003767,-57.542489,17
s73,-38.003158,-57.542038,18
s73,-38.00204,-57.541571,19
s73,-38.000121,-57.541357,20
s73,-37.998854,-57.541684,21
s73,-37.998788,-57.542118,22
s73,-37.998979,-57.542253,23
s73,-37.998262,-57.544608,24
s73,-37.994663,-57.551635,25
s73,-37.996391,-57.552996,26
s73,-38.004425,-57.559447,27
s73,-38.000849,-57.566571,28
s73,-38.004019,-57.569114,29
s73,-38.003512,-57.570122,30
s73,-37.996376,-57.584263,31
s73,-37.995581,-57.583619,32
s73,-37.994753,-57.582954,33
s73,-37.991726,-57.58893,34
s73,-37.992538,-57.589585,35
s73,-37.991836,-57.590894,36
s73,-37.991066,-57.591183,37
s73,-37.991252,-57.592084,38
s73,-37.992174,-57.59216,39
s73,-37.999014,-57.597631,40
s73,-37.995123,-57.602815,41
s73,-37.993857,-57.604487,42
s73,-37.99794,-57.609465,43
s73,-37.99515,-57.613145,44
s73,-37.995886,-57.61395,45
s73,-38.001948,-57.62131,46
s73,-37.99608,-57.629077,47
s73,-37.996283,-57.629313,48
s73,-37.996505,-57.62907,49
s74,-38.050085,-57.539542,1
s74,-38.049244,-57.539463,2
s74,-38.049329,-57.541308,3
s74,-38.046287,-57.541888,4
s74,-38.042265,-57.547317,5
s74,-38.039511,-57.543969,6
s74,-38.038784,-57.544978,7
s74,-38.029884,-57.537764,8
s74,-38.0196,-57.529421,9
s74,-38.012551,-57.54339,10
s74,-38.011752,-57.54276,11
s74,-38.010961,-57.542167,12
s74,-38.006904,-57.550149,13
s74,-38.003613,-57.547485,14
s74,-38.002051,-57.546201,15
s74,-38.003759,-57.542725,16
s74,-38.003767,-57.542489,17
s74,-38.003158,-57.542038,18
s74,-38.00204,-57.541571,19
s74,-38.000121,-57.541357,20
s74,-37.998854,-57.541684,21
s74,-37.998788,-57.542118,22
s74,-37.998979,-57.542253,23
s74,-37.998262,-57.544608,24
s74,-37.994663,-57.551635,25
s74,-37.996391,-57.552996,26
s74,-38.004425,-57.559447,27
s74,-38.000849,-57.566571,28
s74,-38.004019,-57.569114,29
s74,-38.003512,-57.570122,30
s74,-37.996376,-57.584263,31
s74,-37.995581,-57.583619,32
s74,-37.994753,-57.582954,33
s74,-37.991726,-57.58893,34
s74,-37.992538,-57.589585,35
s74,-37.991836,-57.590894,36
s74,-37.991066,-57.591183,37
s74,-37.991252,-57.592084,38
s74,-37.992174,-57.59216,39
s74,-37.999014,-57.597631,40
s74,-37.995123,-57.602815,41
s74,-37.993857,-57.604487,42
s74,-37.99794,-57.609465,43
s74,-37.99515,-57.613145,44
s74,-37.995886,-57.61395,45
s74,-38.001948,-57.62131,46
s74,-37.99608,-57.629077,47
s74,-37.996283,-57.629313,48
s74,-37.996505,-57.62907,49
s99,-37.95122,-57.609043,1
s99,-37.950907,-57.609075,2
s99,-37.950729,-57.609451,3
s99,-37.947556,-57.606876,4
s99,-37.948605,-57.604816,5
s99,-37.951795,-57.607402,6
s99,-37.958867,-57.593349,7
s99,-37.966801,-57.577811,8
s99,-37.966548,-57.577457,9
s99,-37.966751,-57.577071,10
s99,-37.967343,-57.576921,11
s99,-37.967867,-57.577189,12
s99,-37.971157,-57.576342,13
s99,-37.972494,-57.576567,14
s99,-37.974819,-57.578208,15
s99,-37.975251,-57.578917,16
s99,-37.975834,-57.578917,17
s99,-37.975581,-57.578326,18
s99,-37.976934,-57.575537,19
s99,-37.980139,-57.578112,20
s99,-37.981145,-57.576117,21
s99,-37.988815,-57.561042,22
s99,-37.99333,-57.552041,23
s99,-37.994987,-57.553382,24
s99,-37.99607,-57.551204,25
s99,-38.000965,-57.541559,26
s99,-38.002009,-57.541897,27
s99,-38.005175,-57.544456,28
s99,-38.005991,-57.545142,29
s99,-38.008015,-57.541194,30
s99,-38.01283,-57.545062,31
s99,-38.014406,-57.546344,32
s99,-38.014643,-57.545941,33
s75,-37.996505,-57.62907,1
s75,-37.996199,-57.629228,2
s75,-37.99608,-57.629067,3
s75,-38.001956,-57.62131,4
s75,-37.995886,-57.61395,5
s75,-37.995184,-57.613145,6
s75,-37.99794,-57.609497,7
s75,-37.993823,-57.604508,8
s75,-37.995123,-57.602815,9
s75,-37.998896,-57.597899,10
s75,-37.999707,-57.598017,11
s75,-37.999978,-57.597739,12
s75,-37.999555,-57.596934,13
s75,-37.998431,-57.597073,14
s75,-37.992436,-57.592299,15
s75,-37.991844,-57.591494,16
s75,-37.991886,-57.59084,17
s75,-37.995581,-57.583619,18
s75,-38.002218,-57.570466,19
s75,-38.003791,-57.571753,20
s75,-38.004306,-57.570723,21
s75,-37.999555,-57.566925,22
s75,-38.002573,-57.560917,23
s75,-38.00095,-57.559651,24
s75,-38.002066,-57.557559,25
s75,-37.995539,-57.552302,26
s75,-37.99607,-57.551204,27
s75,-38.000942,-57.541605,28
s75,-38.001982,-57.541863,29
s75,-38.005177,-57.544491,30
s75,-38.003613,-57.547485,31
s75,-38.003106,-57.548472,32
s75,-38.007206,-57.551755,33
s75,-38.011752,-57.54276,34
s75,-38.012244,-57.541788,35
s75,-38.015414,-57.544341,36
s75,-38.021466,-57.532336,37
s75,-38.029368,-57.538751,38
s75,-38.029884,-57.537764,39
s75,-38.038773,-57.544899,40
s75,-38.040219,-57.543226,41
s75,-38.043624,-57.547227,42
s75,-38.045846,-57.54418,43
s75,-38.04533,-57.543247,44
s75,-38.046353,-57.541863,45
s75,-38.049487,-57.541208,46
s75,-38.049901,-57.540876,47
s75,-38.050085,-57.539542,48
s76,-37.996505,-57.62907,1
s76,-37.996199,-57.629228,2
s76,-37.99608,-57.629067,3
s76,-38.001956,-57.62131,4
s76,-37.995886,-57.61395,5
s76,-37.995184,-57.613145,6
s76,-37.99794,-57.609497,7
s76,-37.993823,-57.604508,8
s76,-37.995123,-57.602815,9
s76,-37.998896,-57.597899,10
s76,-37.999707,-57.598017,11
s76,-37.999978,-57.597739,12
s76,-37.999555,-57.596934,13
s76,-37.998431,-57.597073,14
s76,-37.992436,-57.592299,15
s76,-37.991844,-57.591494,16
s76,-37.991886,-57.59084,17
s76,-37.995581,-57.583619,18
s76,-38.002218,-57.570466,19
s76,-38.003791,-57.571753,20
s76,-38.004306,-57.570723,21
s76,-37.999555,-57.566925,22
s76,-38.002573,-57.560917,23
s76,-38.00095,-57.559651,24
s76,-38.002066,-57.557559,25
s76,-37.995539,-57.552302,26
s76,-37.99607,-57.551204,27
s76,-38.000942,-57.541605,28
s76,-38.001982,-57.541863,29
s76,-38.005177,-57.544491,30
s76,-38.003613,-57.547485,31
s76,-38.003106,-57.548472,32
s76,-38.007206,-57.551755,33
s76,-38.011752,-57.54276,34
s76,-38.012244,-57.541788,35
s76,-38.019302,-57.527797,36
s76,-38.024864,-57.532229,37
s76,-38.023856,-57.534242,38
s76,-38.029368,-57.538751,39
s76,-38.029884,-57.537764,40
s76,-38.038773,-57.544899,41
s76,-38.040219,-57.543226,42
s76,-38.043624,-57.547227,43
s76,-38.045846,-57.54418,44
s76,-38.04533,-57.543247,45
s76,-38.046353,-57.541863,46
s76,-38.049487,-57.541208,47
s76,-38.049901,-57.540876,48
s76,-38.050085,-57.539542,49
s77,-38.026064,-57.610248,1
s77,-38.020631,-57.6036,2
s77,-38.02866,-57.593021,3
s77,-38.023403,-57.586842,4
s77,-38.023454,-57.586648,5
s77,-38.022558,-57.585554,6
s77,-38.02335,-57.584374,7
s77,-38.020952,-57.577229,8
s77,-38.024468,-57.572658,9
s77,-38.021003,-57.568517,10
s77,-38.017918,-57.566038,11
s77,-38.005177,-57.555778,12
s77,-37.999513,-57.551175,13
s77,-38.002049,-57.546208,14
s77,-38.003732,-57.542839,15
s77,-38.003774,-57.542517,16
s77,-38.00317,-57.542022,17
s77,-38.001992,-57.541566,18
s77,-38.000085,-57.541384,19
s77,-37.998824,-57.541684,20
s77,-37.998794,-57.542097,21
s77,-37.998979,-57.542263,22
s77,-37.998262,-57.544586,23
s77,-37.994657,-57.551656,24
s77,-37.996391,-57.552996,25
s77,-38.002839,-57.558185,26
s77,-37.998764,-57.566296,27
s77,-37.987586,-57.588349,28
s77,-37.985561,-57.59234,29
s77,-37.989505,-57.595516,30
s77,-37.985442,-57.603573,31
s77,-37.991069,-57.608165,32
s77,-37.998806,-57.597935,33
s77,-37.999334,-57.597882,34
s77,-38.001143,-57.5994,35
s77,-38.001955,-57.600451,36
s77,-38.008043,-57.611547,37
s77,-38.000587,-57.621428,38
s77,-38.001288,-57.622232,39
s77,-37.996089,-57.629056,40
s77,-37.996249,-57.629228,41
s77,-37.996505,-57.62907,42
s78,-38.026064,-57.610248,1
s78,-38.020631,-57.6036,2
s78,-38.02866,-57.593021,3
s78,-38.023403,-57.586842,4
s78,-38.023454,-57.586648,5
s78,-38.022558,-57.585554,6
s78,-38.02335,-57.584374,7
s78,-38.020952,-57.577229,8
s78,-38.024468,-57.572658,9
s78,-38.021003,-57.568517,10
s78,-38.017918,-57.566038,11
s78,-38.005177,-57.555778,12
s78,-37.999513,-57.551175,13
s78,-38.002049,-57.546208,14
s78,-38.003732,-57.542839,15
s78,-38.003774,-57.542517,16
s78,-38.00317,-57.542022,17
s78,-38.001992,-57.541566,18
s78,-38.000085,-57.541384,19
s78,-37.998824,-57.541684,20
s78,-37.998794,-57.542097,21
s78,-37.998979,-57.542263,22
s78,-37.998262,-57.544586,23
s78,-37.994657,-57.551656,24
s78,-37.996391,-57.552996,25
s78,-38.002839,-57.558185,26
s78,-37.998764,-57.566296,27
s78,-37.987586,-57.588349,28
s78,-37.985561,-57.59234,29
s78,-37.989505,-57.595516,30
s78,-37.985442,-57.603573,31
s78,-37.991069,-57.608165,32
s78,-37.994425,-57.61229,33
s78,-37.991212,-57.616689,34
s78,-37.991567,-57.617118,35
s78,-37.989015,-57.620573,36
s78,-37.989526,-57.621239,37
s78,-37.992113,-57.617768,38
s78,-37.99328,-57.619141,39
s78,-37.996537,-57.614755,40
s78,-38.002007,-57.621256,41
s78,-38.001288,-57.622232,42
s78,-37.996089,-57.629056,43
s78,-37.996249,-57.629228,44
s78,-37.996505,-57.62907,45
s79,-38.026064,-57.610248,1
s79,-38.020631,-57.6036,2
s79,-38.025347,-57.597334,3
s79,-38.022588,-57.594066,4
s79,-38.022706,-57.593905,5
s79,-38.02132,-57.592242,6
s79,-38.024468,-57.588063,7
s79,-38.023399,-57.58681,8
s79,-38.023454,-57.586648,9
s79,-38.02255,-57.585511,10
s79,-38.02335,-57.584374,11
s79,-38.020952,-57.577229,12
s79,-38.024468,-57.572658,13
s79,-38.021003,-57.568517,14
s79,-38.017918,-57.566038,15
s79,-38.005177,-57.555778,16
s79,-37.999513,-57.551175,17
s79,-38.002049,-57.546208,18
s79,-38.003732,-57.542839,19
s79,-38.003774,-57.542517,20
s79,-38.00317,-57.542022,21
s79,-38.001992,-57.541566,22
s79,-38.000085,-57.541384,23
s79,-37.998824,-57.541684,24
s79,-37.998794,-57.542097,25
s79,-37.998979,-57.542263,26
s79,-37.998262,-57.544586,27
s79,-37.994657,-57.551656,28
s79,-37.996391,-57.552996,29
s79,-38.002839,-57.558185,30
s79,-37.998764,-57.566296,31
s79,-37.987586,-57.588349,32
s79,-37.985561,-57.59234,33
s79,-37.989505,-57.595516,34
s79,-37.985442,-57.603573,35
s79,-37.991069,-57.608165,36
s79,-37.994425,-57.61229,37
s79,-37.996537,-57.614755,38
s79,-38.002007,-57.621256,39
s79,-38.001288,-57.622232,40
s79,-37.996089,-57.629056,41
s79,-37.994188,-57.631531,42
s79,-37.99404,-57.631418,43
s79,-37.990823,-57.63564,44
s79,-37.990878,-57.63571,45
s79,-37.994045,-57.631515,46
s79,-37.997093,-57.635227,47
s79,-37.997706,-57.634336,48
s79,-37.996911,-57.633392,49
s79,-37.996306,-57.634116,50
s79,-37.994226,-57.631611,51
s79,-37.996108,-57.629138,52
s79,-37.996249,-57.629228,53
s79,-37.996505,-57.62907,54
s80,-37.996505,-57.62907,1
s80,-37.996226,-57.629231,2
s80,-37.996075,-57.629086,3
s80,-38.001951,-57.621303,4
s80,-38.001283,-57.620476,5
s80,-38.008118,-57.611411,6
s80,-38.004863,-57.605408,7
s80,-38.003663,-57.603273,8
s80,-38.00209,-57.600414,9
s80,-38.001334,-57.5994,10
s80,-38.000235,-57.598364,11
s80,-37.999685,-57.597077,12
s80,-37.999207,-57.596911,13
s80,-37.999021,-57.597324,14
s80,-37.998954,-57.597882,15
s80,-37.998717,-57.598026,16
s80,-37.991069,-57.608165,17
s80,-37.985446,-57.603579,18
s80,-37.989514,-57.595543,19
s80,-37.986372,-57.592989,20
s80,-37.988402,-57.588998,21
s80,-37.999555,-57.566925,22
s80,-38.002585,-57.560915,23
s80,-38.000957,-57.559623,24
s80,-38.001532,-57.558652,25
s80,-38.002057,-57.557573,26
s80,-37.995551,-57.552289,27
s80,-37.99607,-57.551204,28
s80,-38.000957,-57.541587,29
s80,-38.001972,-57.541861,30
s80,-38.005159,-57.544473,31
s80,-38.003613,-57.547485,32
s80,-38.000632,-57.553443,33
s80,-38.004669,-57.556731,34
s80,-38.020366,-57.56938,35
s80,-38.023143,-57.572669,36
s80,-38.020522,-57.576086,37
s80,-38.02335,-57.584374,38
s80,-38.023206,-57.584658,39
s80,-38.029219,-57.592131,40
s80,-38.020604,-57.603596,41
s80,-38.026064,-57.610248,42
s81,-37.996505,-57.62907,1
s81,-37.996226,-57.629231,2
s81,-37.996075,-57.629086,3
s81,-38.001951,-57.621303,4
s81,-38.001283,-57.620476,5
s81,-37.996587,-57.614844,6
s81,-37.993229,-57.619125,7
s81,-37.992118,-57.617725,8
s81,-37.989514,-57.621238,9
s81,-37.989032,-57.620552,10
s81,-37.991614,-57.617103,11
s81,-37.991242,-57.616636,12
s81,-37.994524,-57.612323,13
s81,-37.991069,-57.608165,14
s81,-37.985446,-57.603579,15
s81,-37.989514,-57.595543,16
s81,-37.986372,-57.592989,17
s81,-37.988402,-57.588998,18
s81,-37.999555,-57.566925,19
s81,-38.002585,-57.560915,20
s81,-38.000957,-57.559623,21
s81,-38.001532,-57.558652,22
s81,-38.002057,-57.557573,23
s81,-37.995551,-57.552289,24
s81,-37.99607,-57.551204,25
s81,-38.000957,-57.541587,26
s81,-38.001972,-57.541861,27
s81,-38.005159,-57.544473,28
s81,-38.003613,-57.547485,29
s81,-38.000632,-57.553443,30
s81,-38.004669,-57.556731,31
s81,-38.020366,-57.56938,32
s81,-38.023143,-57.572669,33
s81,-38.020522,-57.576086,34
s81,-38.02335,-57.584374,35
s81,-38.023206,-57.584658,36
s81,-38.029219,-57.592131,37
s81,-38.020604,-57.603596,38
s81,-38.026064,-57.610248,39
s82,-37.996505,-57.62907,1
s82,-37.996226,-57.629231,2
s82,-37.996075,-57.629086,3
s82,-38.001951,-57.621303,4
s82,-38.001283,-57.620476,5
s82,-37.996587,-57.614844,6
s82,-37.994524,-57.612323,7
s82,-37.991069,-57.608165,8
s82,-37.985446,-57.603579,9
s82,-37.989514,-57.595543,10
s82,-37.986372,-57.592989,11
s82,-37.988402,-57.588998,12
s82,-37.999555,-57.566925,13
s82,-38.002585,-57.560915,14
s82,-38.000957,-57.559623,15
s82,-38.001532,-57.558652,16
s82,-38.002057,-57.557573,17
s82,-37.995551,-57.552289,18
s82,-37.99607,-57.551204,19
s82,-38.000957,-57.541587,20
s82,-38.001972,-57.541861,21
s82,-38.005159,-57.544473,22
s82,-38.003613,-57.547485,23
s82,-38.000632,-57.553443,24
s82,-38.004669,-57.556731,25
s82,-38.020366,-57.56938,26
s82,-38.023143,-57.572669,27
s82,-38.020522,-57.576086,28
s82,-38.02335,-57.584374,29
s82,-38.023206,-57.584658,30
s82,-38.02454,-57.586287,31
s82,-38.023158,-57.58809,32
s82,-38.023839,-57.588927,33
s82,-38.02132,-57.592263,34
s82,-38.022678,-57.593858,35
s82,-38.022571,-57.594055,36
s82,-38.025301,-57.597349,37
s82,-38.020604,-57.603596,38
s82,-38.026064,-57.610248,39
s83,-37.894264,-57.523125,1
s83,-37.897449,-57.523069,2
s83,-37.899803,-57.52249,3
s83,-37.899058,-57.528026,4
s83,-37.896044,-57.531995,5
s83,-37.897737,-57.534055,6
s83,-37.905525,-57.523627,7
s83,-37.910418,-57.524614,8
s83,-37.912484,-57.525773,9
s83,-37.921946,-57.52779,10
s83,-37.921286,-57.530601,11
s83,-37.917731,-57.535279,12
s83,-37.92611,-57.545428,13
s83,-37.926703,-57.545707,14
s83,-37.928395,-57.547767,15
s83,-37.928801,-57.549012,16
s83,-37.929411,-57.548218,17
s83,-37.933913,-57.553647,18
s83,-37.944811,-57.539463,19
s83,-37.945589,-57.537982,20
s83,-37.946943,-57.535343,21
s83,-37.956892,-57.538776,22
s83,-37.9597,-57.540472,23
s83,-37.964319,-57.540643,24
s83,-37.970159,-57.542964,25
s83,-37.970612,-57.543411,26
s83,-37.971694,-57.54266,27
s83,-37.980287,-57.544012,28
s83,-37.982181,-57.544205,29
s83,-37.986342,-57.544892,30
s83,-37.991517,-57.549076,31
s83,-37.992599,-57.547016,32
s83,-37.996607,-57.550213,33
s83,-37.997533,-57.548328,34
s83,-38.000992,-57.541541,35
s83,-38.002161,-57.542015,36
s83,-38.006006,-57.545156,37
s83,-38.012396,-57.5324,38
s83,-38.013563,-57.532389,39
s83,-38.015507,-57.531542,40
s83,-38.0162,-57.53064,41
s83,-38.016766,-57.529825,42
s83,-38.017003,-57.525383,43
s83,-38.017578,-57.524879,44
s83,-38.01904,-57.525415,45
s83,-38.019911,-57.525748,46
s83,-38.020274,-57.527776,47
s83,-38.023714,-57.527894,48
s83,-38.024204,-57.528484,49
s83,-38.025998,-57.532053,50
s83,-38.029453,-57.533956,51
s83,-38.030889,-57.533473,52
s83,-38.032351,-57.534417,53
s83,-38.033357,-57.536058,54
s83,-38.035757,-57.538322,55
s83,-38.039289,-57.540854,56
s83,-38.040911,-57.542442,57
s83,-38.042736,-57.543494,58
s83,-38.044798,-57.543912,59
s83,-38.04637,-57.541831,60
s83,-38.04935,-57.541344,61
s83,-38.04942,-57.543451,62
s83,-38.049808,-57.544073,63
s83,-38.051329,-57.544813,64
s83,-38.053872,-57.547034,65
s83,-38.055131,-57.547388,66
s83,-38.057293,-57.546101,67
s83,-38.059127,-57.544588,68
s83,-38.061137,-57.545832,69
s83,-38.063572,-57.546737,70
s83,-38.065538,-57.547452,71
s83,-38.067819,-57.547774,72
s83,-38.071907,-57.547635,73
s83,-38.075226,-57.545671,74
s83,-38.077962,-57.543601,75
s83,-38.07939,-57.541004,76
s83,-38.080699,-57.539642,77
s83,-38.081543,-57.538762,78
s83,-38.082185,-57.538548,79
s83,-38.083502,-57.540007,80
s83,-38.084262,-57.541112,81
s83,-38.085073,-57.541906,82
s83,-38.087784,-57.54329,83
s83,-38.092734,-57.548297,84
s84,-38.092734,-57.548297,1
s84,-38.093226,-57.548982,2
s84,-38.093992,-57.54899,3
s84,-38.092732,-57.547013,4
s84,-38.091643,-57.545972,5
s84,-38.089466,-57.545021,6
s84,-38.088048,-57.543304,7
s84,-38.085514,-57.542038,8
s84,-38.083471,-57.539399,9
s84,-38.082204,-57.538497,10
s84,-38.081258,-57.538776,11
s84,-38.079113,-57.541158,12
s84,-38.077931,-57.542703,13
s84,-38.076225,-57.543797,14
s84,-38.074384,-57.545986,15
s84,-38.072238,-57.546952,16
s84,-38.06543,-57.546823,17
s84,-38.063942,-57.546144,18
s84,-38.059652,-57.544334,19
s84,-38.055192,-57.547338,20
s84,-38.053891,-57.547016,21
s84,-38.049599,-57.543776,22
s84,-38.049394,-57.543257,23
s84,-38.049372,-57.541314,24
s84,-38.049887,-57.540906,25
s84,-38.049997,-57.54067,26
s84,-38.050085,-57.539542,27
s84,-38.049279,-57.539474,28
s84,-38.049353,-57.541275,29
s84,-38.046294,-57.541895,30
s84,-38.045111,-57.543472,31
s84,-38.044105,-57.543805,32
s84,-38.042635,-57.543429,33
s84,-38.04048,-57.542131,34
s84,-38.038773,-57.540511,35
s84,-38.035165,-57.53785,36
s84,-38.033154,-57.535833,37
s84,-38.032309,-57.534438,38
s84,-38.030898,-57.533451,39
s84,-38.029664,-57.533923,40
s84,-38.029148,-57.533773,41
s84,-38.026647,-57.5324,42
s84,-38.026199,-57.532314,43
s84,-38.025998,-57.532053,44
s84,-38.024027,-57.528162,45
s84,-38.023013,-57.527819,46
s84,-38.020367,-57.527819,47
s84,-38.019945,-57.525748,48
s84,-38.017671,-57.524933,49
s84,-38.017155,-57.525126,50
s84,-38.016876,-57.52651,51
s84,-38.016682,-57.529868,52
s84,-38.015786,-57.531263,53
s84,-38.013639,-57.532368,54
s84,-38.010993,-57.53225,55
s84,-38.008626,-57.533247,56
s84,-38.008423,-57.534159,57
s84,-38.008736,-57.536262,58
s84,-38.008533,-57.537818,59
s84,-38.006521,-57.54182,60
s84,-38.005811,-57.542356,61
s84,-38.004264,-57.542657,62
s84,-38.002675,-57.5418,63
s84,-38.000155,-57.541391,64
s84,-37.998997,-57.541595,65
s84,-37.99871,-57.541959,66
s84,-37.998845,-57.54227,67
s84,-37.998202,-57.544534,68
s84,-37.99674,-57.547528,69
s84,-37.996255,-57.548517,70
s84,-37.992243,-57.54526,71
s84,-37.988557,-57.545128,72
s84,-37.986274,-57.544656,73
s84,-37.982012,-57.544141,74
s84,-37.977631,-57.54354,75
s84,-37.974807,-57.542961,76
s84,-37.971411,-57.542353,77
s84,-37.970071,-57.54266,78
s84,-37.965266,-57.540793,79
s84,-37.963659,-57.540429,80
s84,-37.959531,-57.540429,81
s84,-37.95454,-57.537682,82
s84,-37.946926,-57.535279,83
s84,-37.945589,-57.537982,84
s84,-37.944709,-57.539549,85
s84,-37.944117,-57.540257,86
s84,-37.933862,-57.553647,87
s84,-37.929377,-57.548175,88
s84,-37.928784,-57.548947,89
s84,-37.928327,-57.547681,90
s84,-37.926736,-57.54575,91
s84,-37.926059,-57.545364,92
s84,-37.917731,-57.535322,93
s84,-37.921252,-57.530622,94
s84,-37.921895,-57.527854,95
s84,-37.912585,-57.525837,96
s84,-37.910164,-57.52455,97
s84,-37.905525,-57.523627,98
s84,-37.89987,-57.522469,99
s84,-37.896992,-57.523112,100
s84,-37.895477,-57.523043,101
s84,-37.894313,-57.52278,102
s84,-37.894264,-57.523125,103
s85,-38.026823,-57.631484,1
s85,-38.026951,-57.631245,2
s85,-38.027661,-57.632114,3
s85,-38.025041,-57.635611,4
s85,-38.018246,-57.627425,5
s85,-38.020866,-57.623971,6
s85,-38.017485,-57.619894,7
s85,-38.019463,-57.617254,8
s85,-38.018778,-57.61645,9
s85,-38.022683,-57.61131,10
s85,-38.021314,-57.609658,11
s85,-38.023368,-57.606955,12
s85,-38.032664,-57.594649,13
s85,-38.031973,-57.59386,14
s85,-38.034719,-57.590219,15
s85,-38.033391,-57.588576,16
s85,-38.031886,-57.586827,17
s85,-38.018981,-57.571195,18
s85,-38.017992,-57.570444,19
s85,-38.00127,-57.556935,20
s85,-37.995556,-57.552313,21
s85,-37.997467,-57.548472,22
s85,-37.99772,-57.548364,23
s85,-37.997704,-57.548,24
s85,-37.998092,-57.547216,25
s85,-38.000959,-57.541616,26
s85,-38.001997,-57.541898,27
s85,-38.005983,-57.545139,28
s85,-38.008021,-57.54119,29
s85,-38.011258,-57.543797,30
s85,-38.011752,-57.54276,31
s85,-38.01226,-57.541764,32
s85,-38.018578,-57.546903,33
s85,-38.021621,-57.540895,34
s85,-38.030432,-57.548046,35
s85,-38.031446,-57.546045,36
s85,-38.034602,-57.548566,37
s85,-38.037125,-57.543588,38
s86,-38.026823,-57.631484,1
s86,-38.026951,-57.631245,2
s86,-38.027661,-57.632114,3
s86,-38.025041,-57.635611,4
s86,-38.018246,-57.627425,5
s86,-38.020866,-57.623971,6
s86,-38.017485,-57.619894,7
s86,-38.019463,-57.617254,8
s86,-38.018778,-57.61645,9
s86,-38.022683,-57.61131,10
s86,-38.021314,-57.609658,11
s86,-38.023368,-57.606955,12
s86,-38.032664,-57.594649,13
s86,-38.029875,-57.591323,14
s86,-38.031954,-57.588662,15
s86,-38.032664,-57.58952,16
s86,-38.033391,-57.588576,17
s86,-38.031886,-57.586827,18
s86,-38.018981,-57.571195,19
s86,-38.017992,-57.570444,20
s86,-38.00127,-57.556935,21
s86,-37.995556,-57.552313,22
s86,-37.997467,-57.548472,23
s86,-37.99772,-57.548364,24
s86,-37.997704,-57.548,25
s86,-37.998092,-57.547216,26
s86,-38.000959,-57.541616,27
s86,-38.001997,-57.541898,28
s86,-38.005983,-57.545139,29
s86,-38.008021,-57.54119,30
s86,-38.011258,-57.543797,31
s86,-38.011752,-57.54276,32
s86,-38.01226,-57.541764,33
s86,-38.018578,-57.546903,34
s86,-38.021621,-57.540895,35
s86,-38.030432,-57.548046,36
s86,-38.031446,-57.546045,37
s86,-38.034602,-57.548566,38
s86,-38.037125,-57.543588,39
s88,-38.037125,-57.543588,1
s88,-38.034768,-57.541659,2
s88,-38.030703,-57.549684,3
s88,-38.020316,-57.541251,4
s88,-38.017282,-57.54727,5
s88,-38.011752,-57.54276,6
s88,-38.007739,-57.539567,7
s88,-38.00653,-57.54182,8
s88,-38.005465,-57.542506,9
s88,-38.003994,-57.542582,10
s88,-38.001956,-57.54167,11
s88,-38.000248,-57.541369,12
s88,-37.998879,-57.541605,13
s88,-37.99871,-57.542056,14
s88,-37.998929,-57.542228,15
s88,-37.998194,-57.544534,16
s88,-37.997272,-57.546551,17
s88,-37.994677,-57.551615,18
s88,-38.00127,-57.556935,19
s88,-38.017992,-57.570444,20
s88,-38.018981,-57.571174,21
s88,-38.031886,-57.586827,22
s88,-38.03263,-57.587686,23
s88,-38.029943,-57.591194,24
s88,-38.029258,-57.590325,25
s88,-38.028523,-57.59129,26
s88,-38.032005,-57.595507,27
s88,-38.023368,-57.606955,28
s88,-38.021297,-57.60968,29
s88,-38.022675,-57.611321,30
s88,-38.018778,-57.616439,31
s88,-38.01948,-57.617265,32
s88,-38.017468,-57.619872,33
s88,-38.026951,-57.631234,34
s88,-38.026823,-57.631484,35
s89,-37.990943,-57.608331,1
s89,-37.987731,-57.612541,2
s89,-37.987115,-57.612114,3
s89,-37.985255,-57.61056,4
s89,-37.985758,-57.609451,5
s89,-37.987821,-57.605521,6
s89,-37.991085,-57.608155,7
s89,-37.996446,-57.601147,8
s89,-37.997139,-57.601989,9
s89,-37.997786,-57.601157,10
s89,-37.997012,-57.600224,11
s89,-37.995123,-57.602815,12
s89,-37.990984,-57.608169,13
s89,-38.001958,-57.621294,14
s89,-38.001258,-57.622248,15
s89,-38.000593,-57.621397,16
s89,-38.008037,-57.611561,17
s89,-38.008535,-57.612538,18
s89,-38.00892,-57.613732,19
s89,-38.009778,-57.620101,20
s89,-38.01206,-57.619715,21
s89,-38.012229,-57.621067,22
s89,-38.013903,-57.620766,23
s89,-38.013768,-57.61935,24
s89,-38.016557,-57.618835,25
s89,-38.017466,-57.619879,26
s89,-38.019397,-57.61729,27
s89,-38.018738,-57.616432,28
s89,-38.02266,-57.611303,29
s89,-38.021291,-57.609694,30
s89,-38.032674,-57.594663,31
s89,-38.032007,-57.593837,32
s89,-38.034688,-57.590235,33
s89,-38.035358,-57.591028,34
s89,-38.036185,-57.591741,35
s89,-38.036631,-57.591939,36
s89,-38.042584,-57.594531,37
s89,-38.043167,-57.595088,38
s89,-38.056457,-57.610999,39
s89,-38.058341,-57.608607,40
s89,-38.0588,-57.611137,41
s89,-38.059414,-57.610967,42
s89,-38.059084,-57.609487,43
s89,-38.058358,-57.608489,44
s89,-38.056482,-57.61086,45
s89,-38.043243,-57.59496,46
s89,-38.042652,-57.594455,47
s89,-38.036222,-57.591682,48
s89,-38.035398,-57.591017,49
s89,-38.035314,-57.590932,50
s89,-38.032655,-57.587675,51
s89,-38.044659,-57.571727,52
s89,-38.053536,-57.582464,53
s89,-38.053771,-57.583158,54
s89,-38.053956,-57.58333,55
s89,-38.054261,-57.583501,56
s89,-38.054767,-57.583898,57
s89,-38.058231,-57.588093,58
s89,-38.058476,-57.588544,59
s89,-38.05873,-57.588201,60
s89,-38.05829,-57.588018,61
s89,-38.054793,-57.583823,62
s89,-38.054244,-57.583383,63
s89,-38.053956,-57.583201,64
s89,-38.053821,-57.583051,65
s89,-38.053585,-57.582439,66
s89,-38.04468,-57.571657,67
s89,-38.051751,-57.562323,68
s89,-38.052486,-57.563181,69
s89,-38.053192,-57.562253,70
s89,-38.044302,-57.551479,71
s89,-38.042229,-57.549105,72
s89,-38.045837,-57.544266,73
s89,-38.045364,-57.543279,74
s89,-38.046361,-57.541884,75
s89,-38.049462,-57.541262,76
s89,-38.049935,-57.54079,77
s89,-38.050085,-57.539542,78
s90,-38.050085,-57.539542,1
s90,-38.049295,-57.539463,2
s90,-38.049369,-57.541294,3
s90,-38.046302,-57.541873,4
s90,-38.041553,-57.548236,5
s90,-38.044302,-57.551479,6
s90,-38.052478,-57.561411,7
s90,-38.044659,-57.571727,8
s90,-38.053536,-57.582507,9
s90,-38.053762,-57.583126,10
s90,-38.05388,-57.583287,11
s90,-38.054683,-57.58378,12
s90,-38.058223,-57.588072,13
s90,-38.058485,-57.588522,14
s90,-38.058721,-57.58819,15
s90,-38.058265,-57.587986,16
s90,-38.054734,-57.583705,17
s90,-38.053906,-57.583201,18
s90,-38.053813,-57.583029,19
s90,-38.053602,-57.582461,20
s90,-38.044654,-57.571603,21
s90,-38.033393,-57.586734,22
s90,-38.032632,-57.585855,23
s90,-38.031889,-57.58682,24
s90,-38.033391,-57.588587,25
s90,-38.035358,-57.591028,26
s90,-38.035484,-57.591157,27
s90,-38.036149,-57.591745,28
s90,-38.042579,-57.594523,29
s90,-38.042997,-57.594904,30
s90,-38.04429,-57.596321,31
s90,-38.056443,-57.610998,32
s90,-38.05714,-57.610129,33
s90,-38.0588,-57.611137,34
s90,-38.059362,-57.610681,35
s90,-38.058293,-57.608476,36
s90,-38.05649,-57.610847,37
s90,-38.044387,-57.596202,38
s90,-38.043094,-57.594802,39
s90,-38.042625,-57.594438,40
s90,-38.036174,-57.591675,41
s90,-38.036837,-57.590822,42
s90,-38.03614,-57.590044,43
s90,-38.035398,-57.591017,44
s90,-38.021291,-57.609715,45
s90,-38.022677,-57.611303,46
s90,-38.018789,-57.616432,47
s90,-38.019465,-57.61729,48
s90,-38.017466,-57.619879,49
s90,-38.016625,-57.618878,50
s90,-38.013785,-57.61935,51
s90,-38.013903,-57.620723,52
s90,-38.01228,-57.621067,53
s90,-38.012094,-57.619715,54
s90,-38.009744,-57.620144,55
s90,-38.009051,-57.613878,56
s90,-38.00807,-57.611432,57
s90,-38.001257,-57.620466,58
s90,-37.991077,-57.608235,59
s90,-37.995123,-57.602815,60
s90,-37.996454,-57.601143,61
s90,-37.997131,-57.601948,62
s90,-37.99779,-57.601068,63
s90,-37.997004,-57.600221,64
s90,-37.987712,-57.612527,65
s90,-37.985242,-57.610574,66
s90,-37.98783,-57.605467,67
s90,-37.990964,-57.608085,68
s90,-37.990943,-57.608331,69
s92,-38.011752,-57.54276,1
s92,-38.012775,-57.540797,2
s92,-38.008599,-57.537428,3
s92,-38.008278,-57.538598,4
s92,-38.007696,-57.539577,5
s92,-38.006496,-57.541884,6
s92,-38.005373,-57.542528,7
s92,-38.004099,-57.542493,8
s92,-38.003133,-57.541983,9
s92,-38.002096,-57.541584,10
s92,-38.000153,-57.541356,11
s92,-37.998832,-57.541678,12
s92,-37.998742,-57.541973,13
s92,-37.998942,-57.54223,14
s92,-37.99827,-57.544556,15
s92,-37.997848,-57.545575,16
s92,-37.994675,-57.551635,17
s92,-38.00127,-57.556935,18
s92,-38.018051,-57.570359,19
s92,-38.017419,-57.571585,20
s92,-38.018248,-57.572229,21
s92,-38.018958,-57.571242,22
s92,-38.026309,-57.5617,23
s92,-38.030418,-57.566736,24
s92,-38.029404,-57.568195,25
s92,-38.032429,-57.571929,26
s92,-38.033291,-57.568624,27
s92,-38.034339,-57.567315,28
s92,-38.033731,-57.566714,29
s92,-38.035218,-57.560384,30
s92,-38.034458,-57.559376,31
s92,-38.035066,-57.55856,32
s92,-38.037804,-57.561843,33
s92,-38.041877,-57.556393,34
s92,-38.042046,-57.555535,35
s92,-38.041589,-57.555041,36
s92,-38.044302,-57.551479,37
s92,-38.042232,-57.549055,38
s92,-38.045763,-57.544205,39
s92,-38.04529,-57.543325,40
s92,-38.046439,-57.541823,41
s92,-38.04943,-57.541244,42
s92,-38.049971,-57.540729,43
s92,-38.050085,-57.539542,44
s93,-38.013104,-57.544563,1
s93,-38.013333,-57.544026,2
s93,-38.007745,-57.539574,3
s93,-38.006519,-57.541827,4
s93,-38.005775,-57.542396,5
s93,-38.004558,-57.542653,6
s93,-38.003688,-57.542329,7
s93,-38.002675,-57.5418,8
s93,-38.001874,-57.541551,9
s93,-38.000182,-57.54136,10
s93,-37.998819,-57.541714,11
s93,-37.998801,-57.542119,12
s93,-37.999154,-57.54242,13
s93,-37.997612,-57.548058,14
s93,-37.995013,-57.553414,15
s93,-37.990959,-57.561359,16
s93,-37.982278,-57.578455,17
s93,-37.980659,-57.581647,18
s93,-37.979923,-57.582269,19
s93,-37.979902,-57.58316,20
s93,-37.972612,-57.597563,21
s93,-37.966044,-57.610529,22
s93,-37.957869,-57.626574,23
s93,-37.956118,-57.629975,24
s93,-37.954612,-57.632411,25
s93,-37.953665,-57.634106,26
s93,-37.952362,-57.635243,27
s93,-37.951499,-57.637603,28
s93,-37.949502,-57.640243,29
s93,-37.946406,-57.644416,30
s93,-37.943715,-57.647967,31
s93,-37.940365,-57.653257,32
s93,-37.939045,-57.655392,33
s93,-37.93819,-57.657505,34
s93,-37.936777,-57.661808,35
s93,-37.934315,-57.669371,36
s93,-37.933756,-57.670498,37
s93,-37.932546,-57.6723,38
s93,-37.930092,-57.675809,39
s93,-37.929136,-57.677643,40
s93,-37.928374,-57.681388,41
s93,-37.926597,-57.690518,42
s93,-37.926411,-57.692717,43
s93,-37.927198,-57.699155,44
s93,-37.928061,-57.705646,45
s93,-37.928281,-57.707459,46
s93,-37.928611,-57.709733,47
s93,-37.928577,-57.711804,48
s93,-37.928222,-57.714132,49
s93,-37.927198,-57.716825,50
s93,-37.923008,-57.723691,51
s93,-37.916618,-57.738808,52
s93,-37.914765,-57.743003,53
s93,-37.914062,-57.744935,54
s93,-37.913148,-57.74693,55
s93,-37.911802,-57.750396,56
s93,-37.910025,-57.755095,57
s93,-37.909237,-57.757305,58
s93,-37.907273,-57.765352,59
s93,-37.906825,-57.768259,60
s93,-37.906156,-57.773849,61
s93,-37.905377,-57.776542,62
s93,-37.904768,-57.777894,63
s93,-37.902956,-57.780903,64
s93,-37.901805,-57.782872,65
s93,-37.900882,-57.784685,66
s93,-37.898291,-57.791862,67
s93,-37.89499,-57.80036,68
s93,-37.894549,-57.802441,69
s93,-37.894456,-57.804919,70
s93,-37.894592,-57.808546,71
s93,-37.894532,-57.80993,72
s93,-37.893923,-57.812483,73
s93,-37.891798,-57.817891,74
s93,-37.888783,-57.826935,75
s93,-37.887996,-57.828845,76
s93,-37.885125,-57.833405,77
s93,-37.884296,-57.835025,78
s93,-37.88355,-57.837632,79
s93,-37.882721,-57.839531,80
s94,-38.013104,-57.544563,1
s94,-38.013333,-57.544026,2
s94,-38.007745,-57.539574,3
s94,-38.006519,-57.541827,4
s94,-38.005775,-57.542396,5
s94,-38.004558,-57.542653,6
s94,-38.003688,-57.542329,7
s94,-38.002675,-57.5418,8
s94,-38.001874,-57.541551,9
s94,-38.000182,-57.54136,10
s94,-37.998819,-57.541714,11
s94,-37.998801,-57.542119,12
s94,-37.999154,-57.54242,13
s94,-37.997612,-57.548058,14
s94,-37.995013,-57.553414,15
s94,-37.990959,-57.561359,16
s94,-37.982278,-57.578455,17
s94,-37.980659,-57.581647,18
s94,-37.979923,-57.582269,19
s94,-37.979902,-57.58316,20
s94,-37.972612,-57.597563,21
s94,-37.966044,-57.610529,22
s94,-37.957869,-57.626574,23
s94,-37.956118,-57.629975,24
s94,-37.954612,-57.632411,25
s94,-37.953665,-57.634106,26
s94,-37.952362,-57.635243,27
s94,-37.951499,-57.637603,28
s94,-37.949502,-57.640243,29
s94,-37.946406,-57.644416,30
s94,-37.943715,-57.647967,31
s94,-37.940365,-57.653257,32
s94,-37.939045,-57.655392,33
s94,-37.93819,-57.657505,34
s94,-37.936777,-57.661808,35
s94,-37.934315,-57.669371,36
s94,-37.933756,-57.670498,37
s94,-37.932546,-57.6723,38
s94,-37.930092,-57.675809,39
s94,-37.929136,-57.677643,40
s94,-37.928374,-57.681388,41
s94,-37.926597,-57.690518,42
s94,-37.926411,-57.692717,43
s94,-37.927198,-57.699155,44
s94,-37.928061,-57.705646,45
s94,-37.928281,-57.707459,46
s94,-37.928611,-57.709733,47
s94,-37.928577,-57.711804,48
s94,-37.928222,-57.714132,49
s94,-37.927198,-57.716825,50
s94,-37.923008,-57.723691,51
s94,-37.916618,-57.738808,52
s94,-37.914765,-57.743003,53
s94,-37.914316,-57.744184,54
s94,-37.914655,-57.744366,55
s94,-37.91523,-57.743787,56
s94,-37.94179,-57.775026,57
s94,-37.942746,-57.777084,58
s94,-37.942806,-57.778162,59
s94,-37.943136,-57.778961,60
s94,-37.942958,-57.779964,61
s94,-37.941744,-57.782046,62
s94,-37.9416,-57.782641,63
s94,-37.941833,-57.783296,64
s94,-37.942514,-57.784009,65
s94,-37.94446,-57.784932,66
s94,-37.945285,-57.784926,67
s94,-37.94597,-57.784352,68
s94,-37.94611,-57.783998,69
s94,-37.945712,-57.783188,70
s94,-37.945399,-57.782931,71
s94,-37.944921,-57.783017,72
s94,-37.944684,-57.782813,73
s94,-37.944731,-57.782523,74
s94,-37.94545,-57.781793,75
s94,-37.945589,-57.781504,76
s94,-37.945805,-57.779079,77
s94,-37.946177,-57.778838,78
s95,-37.882721,-57.839531,1
s95,-37.883373,-57.838018,2
s95,-37.884008,-57.835915,3
s95,-37.884312,-57.834917,4
s95,-37.884956,-57.833587,5
s95,-37.885989,-57.831924,6
s95,-37.886921,-57.830476,7
s95,-37.887869,-57.828845,8
s95,-37.888639,-57.827289,9
s95,-37.891256,-57.819264,10
s95,-37.892221,-57.816657,11
s95,-37.893863,-57.812698,12
s95,-37.894295,-57.811078,13
s95,-37.894541,-57.809715,14
s95,-37.894583,-57.807612,15
s95,-37.894507,-57.803246,16
s95,-37.894854,-57.800918,17
s95,-37.895709,-57.798471,18
s95,-37.897013,-57.795403,19
s95,-37.900594,-57.78549,20
s95,-37.901077,-57.784234,21
s95,-37.901822,-57.782764,22
s95,-37.902956,-57.780903,23
s95,-37.90492,-57.777561,24
s95,-37.905394,-57.776488,25
s95,-37.905919,-57.774986,26
s95,-37.906376,-57.772121,27
s95,-37.90707,-57.76621,28
s95,-37.909254,-57.757326,29
s95,-37.913504,-57.746501,30
s95,-37.914765,-57.743003,31
s95,-37.917211,-57.738122,32
s95,-37.922027,-57.726578,33
s95,-37.923355,-57.723713,34
s95,-37.927274,-57.717233,35
s95,-37.927925,-57.715731,36
s95,-37.928543,-57.713864,37
s95,-37.928865,-57.711117,38
s95,-37.928712,-57.708682,39
s95,-37.928061,-57.705646,40
s95,-37.926512,-57.692192,41
s95,-37.928374,-57.681388,42
s95,-37.929593,-57.677107,43
s95,-37.933502,-57.671442,44
s95,-37.935719,-57.666335,45
s95,-37.938732,-57.656915,46
s95,-37.940881,-57.652988,47
s95,-37.945517,-57.645993,48
s95,-37.951609,-57.637925,49
s95,-37.953098,-57.637088,50
s95,-37.953893,-57.636123,51
s95,-37.954502,-57.633226,52
s95,-37.956228,-57.629664,53
s95,-37.957869,-57.626574,54
s95,-37.966044,-57.610529,55
s95,-37.972612,-57.597563,56
s95,-37.979826,-57.583348,57
s95,-37.980452,-57.582897,58
s95,-37.980579,-57.581878,59
s95,-37.982278,-57.578455,60
s95,-37.990959,-57.561359,61
s95,-37.995013,-57.553414,62
s95,-37.997473,-57.548554,63
s95,-37.997744,-57.548372,64
s95,-37.997761,-57.54791,65
s95,-38.000965,-57.541569,66
s95,-38.002106,-57.541902,67
s95,-38.005175,-57.544456,68
s95,-38.00925,-57.547771,69
s95,-38.011253,-57.54379,70
s95,-38.012838,-57.545062,71
s95,-38.013104,-57.544563,72
s96,-37.946177,-57.778838,1
s96,-37.947133,-57.778172,2
s96,-37.947457,-57.778368,3
s96,-37.947683,-57.778296,4
s96,-37.947781,-57.777797,5
s96,-37.947391,-57.777454,6
s96,-37.94721,-57.776692,7
s96,-37.947641,-57.77556,8
s96,-37.948529,-57.774691,9
s96,-37.946977,-57.773082,10
s96,-37.946909,-57.772347,11
s96,-37.94869,-57.771268,12
s96,-37.947654,-57.769096,13
s96,-37.946143,-57.770217,14
s96,-37.944743,-57.771392,15
s96,-37.942074,-57.774922,16
s96,-37.94179,-57.775026,17
s96,-37.941558,-57.775096,18
s96,-37.941291,-57.775305,19
s96,-37.940498,-57.774374,20
s96,-37.918066,-57.747306,21
s96,-37.915391,-57.744098,22
s96,-37.914765,-57.743003,23
s96,-37.917211,-57.738122,24
s96,-37.922027,-57.726578,25
s96,-37.923355,-57.723713,26
s96,-37.927274,-57.717233,27
s96,-37.927925,-57.715731,28
s96,-37.928543,-57.713864,29
s96,-37.928865,-57.711117,30
s96,-37.928712,-57.708682,31
s96,-37.928061,-57.705646,32
s96,-37.926512,-57.692192,33
s96,-37.928374,-57.681388,34
s96,-37.929593,-57.677107,35
s96,-37.933502,-57.671442,36
s96,-37.935719,-57.666335,37
s96,-37.938732,-57.656915,38
s96,-37.940881,-57.652988,39
s96,-37.945517,-57.645993,40
s96,-37.951609,-57.637925,41
s96,-37.953098,-57.637088,42
s96,-37.953893,-57.636123,43
s96,-37.954502,-57.633226,44
s96,-37.956228,-57.629664,45
s96,-37.957869,-57.626574,46
s96,-37.966044,-57.610529,47
s96,-37.972612,-57.597563,48
s96,-37.979826,-57.583348,49
s96,-37.980452,-57.582897,50
s96,-37.980579,-57.581878,51
s96,-37.982278,-57.578455,52
s96,-37.990959,-57.561359,53
s96,-37.995013,-57.553414,54
s96,-37.997473,-57.548554,55
s96,-37.997744,-57.548372,56
s96,-37.997761,-57.54791,57
s96,-38.000965,-57.541569,58
s96,-38.002106,-57.541902,59
s96,-38.005175,-57.544456,60
s96,-38.00925,-57.547771,61
s96,-38.011253,-57.54379,62
s96,-38.012838,-57.545062,63
s96,-38.013104,-57.544563,64
s97,-38.092734,-57.548297,1
s97,-38.093226,-57.548982,2
s97,-38.093992,-57.54899,3
s97,-38.092732,-57.547013,4
s97,-38.091643,-57.545972,5
s97,-38.089466,-57.545021,6
s97,-38.088048,-57.543304,7
s97,-38.085514,-57.542038,8
s97,-38.083471,-57.539399,9
s97,-38.082204,-57.538497,10
s97,-38.081258,-57.538776,11
s97,-38.079113,-57.541158,12
s97,-38.077931,-57.542703,13
s97,-38.076225,-57.543797,14
s97,-38.074384,-57.545986,15
s97,-38.072238,-57.546952,16
s97,-38.06543,-57.546823,17
s97,-38.063942,-57.546144,18
s97,-38.059652,-57.544334,19
s97,-38.055192,-57.547338,20
s97,-38.053891,-57.547016,21
s97,-38.049599,-57.543776,22
s97,-38.049394,-57.543257,23
s97,-38.049372,-57.541314,24
s97,-38.049887,-57.540906,25
s97,-38.049997,-57.54067,26
s97,-38.050085,-57.539542,27
s97,-38.049279,-57.539474,28
s97,-38.049353,-57.541275,29
s97,-38.046294,-57.541895,30
s97,-38.045111,-57.543472,31
s97,-38.044105,-57.543805,32
s97,-38.042635,-57.543429,33
s97,-38.04048,-57.542131,34
s97,-38.038773,-57.540511,35
s97,-38.035165,-57.53785,36
s97,-38.033154,-57.535833,37
s97,-38.032309,-57.534438,38
s97,-38.030898,-57.533451,39
s97,-38.029664,-57.533923,40
s97,-38.029148,-57.533773,41
s97,-38.026647,-57.5324,42
s97,-38.026199,-57.532314,43
s97,-38.025998,-57.532053,44
s97,-38.024027,-57.528162,45
s97,-38.023013,-57.527819,46
s97,-38.020367,-57.527819,47
s97,-38.019945,-57.525748,48
s97,-38.017671,-57.524933,49
s97,-38.017155,-57.525126,50
s97,-38.016876,-57.52651,51
s97,-38.016682,-57.529868,52
s97,-38.015786,-57.531263,53
s97,-38.013639,-57.532368,54
s97,-38.010993,-57.53225,55
s97,-38.008626,-57.533247,56
s97,-38.008423,-57.534159,57
s97,-38.008736,-57.536262,58
s97,-38.008533,-57.537818,59
s97,-38.006521,-57.54182,60
s97,-38.005811,-57.542356,61
s97,-38.004264,-57.542657,62
s97,-38.002675,-57.5418,63
s97,-38.000155,-57.541391,64
s97,-37.998997,-57.541595,65
s97,-37.99871,-57.541959,66
s97,-37.998845,-57.54227,67
s97,-37.998202,-57.544534,68
s97,-37.99674,-57.547528,69
s97,-37.996255,-57.548517,70
s97,-37.992243,-57.54526,71
s97,-37.988557,-57.545128,72
s97,-37.986274,-57.544656,73
s97,-37.982012,-57.544141,74
s97,-37.977631,-57.54354,75
s97,-37.974807,-57.542961,76
s97,-37.971411,-57.542353,77
s97,-37.970071,-57.54266,78
s97,-37.965266,-57.540793,79
s97,-37.963659,-57.540429,80
s97,-37.959531,-57.540429,81
s97,-37.95454,-57.537682,82
s97,-37.946926,-57.535279,83
s97,-37.945589,-57.537982,84
s97,-37.944709,-57.539549,85
s97,-37.944117,-57.540257,86
s97,-37.933862,-57.553647,87
s97,-37.929377,-57.548175,88
s97,-37.928784,-57.548947,89
s97,-37.928327,-57.547681,90
s97,-37.926736,-57.54575,91
s97,-37.926059,-57.545364,92
s97,-37.917731,-57.535322,93
s97,-37.921252,-57.530622,94
s97,-37.921895,-57.527854,95
s97,-37.912585,-57.525837,96
s97,-37.910164,-57.52455,97
s97,-37.905525,-57.523627,98
s97,-37.89987,-57.522469,99
s97,-37.896992,-57.523112,100
s97,-37.895477,-57.523043,101
s97,-37.894313,-57.52278,102
s97,-37.894264,-57.523125,103
s100,-37.935764,-57.532659,1
s100,-37.932385,-57.531517,2
s100,-37.923872,-57.542739,3
s100,-37.926191,-57.545507,4
s100,-37.926749,-57.5457,5
s100,-37.928391,-57.547717,6
s100,-37.928831,-57.549005,7
s100,-37.932436,-57.544284,8
s100,-37.943521,-57.557695,9
s100,-37.943758,-57.558553,10
s100,-37.947937,-57.561922,11
s100,-37.943842,-57.570033,12
s100,-37.945399,-57.571256,13
s100,-37.953318,-57.577651,14
s100,-37.951473,-57.58162,15
s100,-37.956634,-57.580183,16
s100,-37.962911,-57.585354,17
s100,-37.96088,-57.589452,18
s100,-37.972096,-57.598572,19
s100,-37.976951,-57.602499,20
s100,-37.979048,-57.598422,21
s100,-37.985445,-57.603588,22
s100,-37.99109,-57.608185,23
s100,-37.995123,-57.602815,24
s100,-38.006967,-57.587135,25
s100,-38.018243,-57.572147,26
s100,-38.026298,-57.561514,27
s100,-38.035493,-57.549284,28
s100,-38.036769,-57.547588,29
s100,-38.04025,-57.551751,30
s100,-38.045861,-57.544198,31
s100,-38.045354,-57.543254,32
s100,-38.046401,-57.541881,33
s100,-38.049443,-57.541237,34
s100,-38.049882,-57.540894,35
s100,-38.050659,-57.541065,36
s100,-38.050812,-57.539585,37
s100,-38.050085,-57.539542,38
s103,-37.935764,-57.532659,1
s103,-37.932368,-57.531538,2
s103,-37.923922,-57.542739,3
s103,-37.92614,-57.545464,4
s103,-37.926681,-57.545679,5
s103,-37.928052,-57.547395,6
s103,-37.928543,-57.547889,7
s103,-37.928763,-57.54894,8
s103,-37.932385,-57.544284,9
s103,-37.943538,-57.557716,10
s103,-37.943741,-57.558489,11
s103,-37.947971,-57.561901,12
s103,-37.943893,-57.570012,13
s103,-37.945399,-57.571256,14
s103,-37.953352,-57.577651,15
s103,-37.951575,-57.581534,16
s103,-37.971217,-57.576234,17
s103,-37.97279,-57.576642,18
s103,-37.980807,-57.583058,19
s103,-37.984274,-57.585719,20
s103,-37.982245,-57.589667,21
s103,-37.989525,-57.59553,22
s103,-37.992683,-57.598089,23
s103,-37.990667,-57.602048,24
s103,-37.993795,-57.604601,25
s103,-37.995123,-57.602815,26
s103,-38.006967,-57.587135,27
s103,-38.018243,-57.572147,28
s103,-38.026298,-57.561514,29
s103,-38.035493,-57.549284,30
s103,-38.036769,-57.54761,31
s103,-38.040284,-57.551687,32
s103,-38.045844,-57.544219,33
s103,-38.04532,-57.543232,34
s103,-38.046384,-57.541816,35
s103,-38.049443,-57.541258,36
s103,-38.049899,-57.540936,37
s103,-38.05071,-57.541044,38
s103,-38.050778,-57.539628,39
s103,-38.050085,-57.539542,40
s104,-38.027761,-57.67391,1
s104,-38.044204,-57.652216,2
s104,-38.04385,-57.651787,3
s104,-38.040791,-57.648096,4
s104,-38.044052,-57.643719,5
s104,-38.042582,-57.641981,6
s104,-38.039321,-57.646294,7
s104,-38.017466,-57.619879,8
s104,-38.019478,-57.617261,9
s104,-38.018734,-57.616467,10
s104,-38.022689,-57.611275,11
s104,-38.021303,-57.609665,12
s104,-38.025597,-57.603958,13
s104,-38.022825,-57.600675,14
s104,-38.02061,-57.603528,15
s104,-38.015133,-57.597005,16
s104,-38.018058,-57.593143,17
s104,-38.010619,-57.584195,18
s104,-38.011262,-57.583337,19
s104,-38.010484,-57.582436,20
s104,-38.012351,-57.580027,21
s104,-37.990447,-57.562394,22
s104,-37.995013,-57.553414,23
s104,-37.999663,-57.544198,24
s104,-37.999189,-57.543855,25
s105,-37.95122,-57.609043,1
s105,-37.95089,-57.609086,2
s105,-37.950721,-57.60944,3
s105,-37.947582,-57.606833,4
s105,-37.948614,-57.604816,5
s105,-37.951795,-57.607337,6
s105,-37.958867,-57.593349,7
s105,-37.966801,-57.577811,8
s105,-37.966539,-57.577543,9
s105,-37.966641,-57.577178,10
s105,-37.967055,-57.576964,11
s105,-37.967732,-57.577221,12
s105,-37.971107,-57.576363,13
s105,-37.972045,-57.576395,14
s105,-37.97301,-57.576857,15
s105,-37.97487,-57.578262,16
s105,-37.975099,-57.578788,17
s105,-37.975361,-57.578992,18
s105,-37.975674,-57.578874,19
s105,-37.975589,-57.578208,20
s105,-37.976951,-57.575558,21
s105,-37.98013,-57.578112,22
s105,-37.981145,-57.576117,23
s105,-37.988815,-57.561042,24
s105,-37.99334,-57.552046,25
s105,-37.994996,-57.553377,26
s105,-37.99607,-57.551204,27
s105,-38.000948,-57.541623,28
s105,-38.00208,-57.541875,29
s105,-38.005175,-57.544456,30
s105,-38.006004,-57.545142,31
s105,-38.008015,-57.541205,32
s105,-38.011257,-57.54378,33
s105,-38.013637,-57.545689,34
s105,-38.011583,-57.549713,35
s105,-38.025994,-57.561278,36
s105,-38.026581,-57.56035,37
s105,-38.029974,-57.553285,38
s105,-38.031445,-57.554466,39
s105,-38.031725,-57.554573,40
s105,-38.034394,-57.557727,41
s105,-38.035104,-57.558607,42
s105,-38.042223,-57.549103,43
s105,-38.045784,-57.544338,44
s105,-38.045396,-57.543211,45
s105,-38.046376,-57.54187,46
s105,-38.04924,-57.541387,47
s105,-38.049933,-57.540851,48
s105,-38.050085,-57.539542,49
s106,-37.95122,-57.609043,1
s106,-37.951008,-57.608871,2
s106,-37.958863,-57.593415,3
s106,-37.953335,-57.588937,4
s106,-37.953808,-57.58795,5
s106,-37.95303,-57.587414,6
s106,-37.952489,-57.588401,7
s106,-37.958814,-57.593452,8
s106,-37.958867,-57.593349,9
s106,-37.962927,-57.585375,10
s106,-37.969305,-57.590547,11
s106,-37.979454,-57.570548,12
s106,-37.988621,-57.552481,13
s106,-37.99065,-57.548361,14
s106,-37.994708,-57.551537,15
s106,-37.994133,-57.552695,16
s106,-37.994945,-57.553339,17
s106,-37.99607,-57.551204,18
s106,-38.000965,-57.541602,19
s106,-38.001506,-57.541645,20
s106,-38.002055,-57.541913,21
s106,-38.005175,-57.544456,22
s106,-38.004161,-57.54643,23
s106,-38.008252,-57.549756,24
s106,-38.011257,-57.54378,25
s106,-38.015218,-57.547009,26
s106,-38.011177,-57.554991,27
s106,-38.013544,-57.556874,28
s106,-38.014305,-57.557523,29
s106,-38.00766,-57.570677,30
s106,-38.006883,-57.570017,31
s106,-38.004499,-57.568059,32
s106,-38.002994,-57.571084,33
s106,-38.004583,-57.572351,34
s106,-37.998429,-57.584474,35
s106,-38.00083,-57.586362,36
s106,-38.000322,-57.587457,37
s106,-37.998742,-57.586116,38
s106,-37.990637,-57.602091,39
s106,-37.98857,-57.606168,40
s106,-37.986219,-57.604237,41
s106,-37.98676,-57.603185,42
s106,-37.985982,-57.602541,43
s106,-37.984376,-57.605674,44
s106,-37.98282,-57.604408,45
s106,-37.9803,-57.609451,46
s106,-37.981069,-57.610019,47
s106,-37.981906,-57.610695,48
s106,-37.98216,-57.610202,49
s106,-37.984494,-57.612047,50
s106,-37.985255,-57.610545,51
s106,-37.987707,-57.612562,52
s107,-37.95122,-57.609043,1
s107,-37.95105,-57.608743,2
s107,-37.954807,-57.601383,3
s107,-37.958766,-57.604601,4
s107,-37.960271,-57.601619,5
s107,-37.962724,-57.603614,6
s107,-37.969305,-57.590547,7
s107,-37.979454,-57.570548,8
s107,-37.988621,-57.552481,9
s107,-37.990633,-57.548382,10
s107,-37.994675,-57.551622,11
s107,-37.994125,-57.552674,12
s107,-37.995013,-57.55336,13
s107,-37.99607,-57.551204,14
s107,-38.000982,-57.541602,15
s107,-38.001552,-57.541714,16
s107,-38.001988,-57.541859,17
s107,-38.005175,-57.544456,18
s107,-38.004131,-57.546483,19
s107,-38.00821,-57.549761,20
s107,-38.011257,-57.54378,21
s107,-38.015205,-57.546961,22
s107,-38.011177,-57.554964,23
s107,-38.013544,-57.556874,24
s107,-38.014322,-57.557502,25
s107,-38.007694,-57.570671,26
s107,-38.006883,-57.570017,27
s107,-38.004499,-57.568086,28
s107,-38.003023,-57.571101,29
s107,-38.004596,-57.572388,30
s107,-37.998433,-57.584506,31
s107,-38.00006,-57.58581,32
s107,-37.999545,-57.586781,33
s107,-37.998742,-57.586106,34
s107,-37.990637,-57.602091,35
s107,-37.987496,-57.599527,36
s107,-37.984376,-57.60568,37
s107,-37.982799,-57.604387,38
s107,-37.980274,-57.609386,39
s107,-37.981069,-57.610019,40
s114,-37.957903,-57.652366,1
s114,-37.957666,-57.652141,2
s114,-37.962792,-57.645328,3
s114,-37.958134,-57.639743,4
s114,-37.968924,-57.618425,5
s114,-37.973728,-57.622304,6
s114,-37.975259,-57.619332,7
s114,-37.970447,-57.615405,8
s114,-37.97597,-57.604483,9
s114,-37.987166,-57.582414,10
s114,-37.995858,-57.565312,11
s114,-37.999849,-57.55733,12
s114,-38.001506,-57.558661,13
s114,-38.002072,-57.557566,14
s114,-37.996391,-57.552996,15
s114,-37.995529,-57.552298,16
s114,-38.000948,-57.541569,17
s114,-38.001962,-57.541875,18
s114,-38.002161,-57.542015,19
s114,-38.005183,-57.544498,20
s114,-38.003112,-57.548479,21
s114,-38.00482,-57.549841,22
s114,-38.013544,-57.556874,23
s114,-38.023619,-57.565023,24
s114,-38.026298,-57.561514,25
s114,-38.035493,-57.549284,26
s114,-38.036811,-57.547524,27
s114,-38.040259,-57.551687,28
s114,-38.045869,-57.544241,29
s114,-38.045362,-57.5432,30
s114,-38.046367,-57.541838,31
s114,-38.049451,-57.541269,32
s114,-38.049924,-57.540936,33
s114,-38.050685,-57.541044,34
s114,-38.050828,-57.53966,35
s114,-38.050085,-57.539542,36
s115,-37.981069,-57.610019,1
s115,-37.981577,-57.609022,2
s115,-37.980777,-57.608383,3
s115,-37.982803,-57.604398,4
s115,-37.984371,-57.605685,5
s115,-37.987496,-57.599537,6
s115,-37.990637,-57.602091,7
s115,-37.998729,-57.586121,8
s115,-38.006883,-57.570017,9
s115,-38.013544,-57.556874,10
s115,-38.014051,-57.55585,11
s115,-38.010856,-57.553339,12
s115,-38.014922,-57.545357,13
s115,-38.011752,-57.54276,14
s115,-38.010949,-57.542127,15
s115,-38.009968,-57.544166,16
s115,-38.006739,-57.541548,17
s115,-38.005987,-57.542353,18
s115,-38.004871,-57.54261,19
s115,-38.003577,-57.54246,20
s115,-38.002402,-57.541787,21
s115,-38.001094,-57.541446,22
s115,-38.000006,-57.541409,23
s115,-37.998816,-57.541698,24
s115,-37.998762,-57.542095,25
s115,-37.999151,-57.542337,26
s115,-37.997567,-57.548189,27
s115,-37.99607,-57.551204,28
s115,-37.995534,-57.552304,29
s115,-37.992316,-57.54967,30
s115,-37.992865,-57.548586,31
s115,-37.991208,-57.547288,32
s115,-37.988621,-57.552481,33
s115,-37.979454,-57.570548,34
s115,-37.969305,-57.590547,35
s115,-37.962755,-57.603643,36
s115,-37.960271,-57.60164,37
s115,-37.958749,-57.60458,38
s115,-37.95479,-57.601404,39
s115,-37.951,-57.608861,40
s115,-37.95122,-57.609043,41
s116,-37.945418,-57.570713,1
s116,-37.945332,-57.570904,2
s116,-37.945493,-57.571076,3
s116,-37.945472,-57.571355,4
s116,-37.952507,-57.576982,5
s116,-37.951873,-57.578259,6
s116,-37.9528,-57.57887,7
s116,-37.965535,-57.553707,8
s116,-37.978238,-57.563943,9
s116,-37.98639,-57.570444,10
s116,-38.000773,-57.582064,11
s116,-38.006986,-57.58701,12
s116,-38.009744,-57.590489,13
s116,-38.020597,-57.6036,14
s116,-38.036621,-57.582378,15
s116,-38.03858,-57.5798,16
s116,-38.039282,-57.580677,17
s116,-38.039946,-57.579834,18
s116,-38.038554,-57.578147,19
s116,-38.037823,-57.577262,20
s116,-38.035765,-57.574811,21
s116,-38.041207,-57.56759,22
s116,-38.043784,-57.564157,23
s116,-38.041765,-57.5617,24
s116,-38.046969,-57.554823,25
s116,-38.042255,-57.549126,26
s116,-38.045837,-57.544212,27
s116,-38.045347,-57.543225,28
s116,-38.046386,-57.541809,29
s116,-38.049479,-57.541251,30
s116,-38.04996,-57.540801,31
s116,-38.050085,-57.539542,32
s110,-37.745819,-57.420774,1
s110,-37.744733,-57.420967,2
s110,-37.744649,-57.422318,3
s110,-37.744207,-57.423499,4
s110,-37.743317,-57.424561,5
s110,-37.742409,-57.425162,6
s110,-37.743088,-57.425827,7
s110,-37.744538,-57.427104,8
s110,-37.734578,-57.445321,9
s110,-37.734035,-57.445579,10
s110,-37.733772,-57.446061,11
s110,-37.745064,-57.457294,12
s110,-37.764744,-57.456779,13
s110,-37.765711,-57.457294,14
s110,-37.767424,-57.458797,15
s110,-37.768645,-57.460105,16
s110,-37.768968,-57.460835,17
s110,-37.769324,-57.461178,18
s110,-37.769532,-57.460814,19
s110,-37.76971,-57.460057,20
s110,-37.769867,-57.459719,21
s110,-37.770083,-57.459467,22
s110,-37.772118,-57.45671,23
s110,-37.77373,-57.45443,24
s110,-37.77303,-57.453743,25
s110,-37.773318,-57.453325,26
s110,-37.773683,-57.452863,27
s110,-37.774378,-57.453593,28
s110,-37.771571,-57.45737,29
s110,-37.769697,-57.459912,30
s110,-37.76918,-57.46017,31
s110,-37.769587,-57.461007,32
s110,-37.770588,-57.462337,33
s110,-37.773225,-57.465781,34
s110,-37.779161,-57.473259,35
s110,-37.781603,-57.47592,36
s110,-37.784045,-57.47798,37
s110,-37.793915,-57.486176,38
s110,-37.797204,-57.488751,39
s110,-37.799442,-57.490554,40
s110,-37.805817,-57.493472,41
s110,-37.807614,-57.493901,42
s110,-37.809682,-57.49609,43
s110,-37.815412,-57.502785,44
s110,-37.815603,-57.50323,45
s110,-37.815993,-57.503691,46
s110,-37.816175,-57.503686,47
s110,-37.816289,-57.503423,48
s110,-37.816327,-57.503053,49
s110,-37.816497,-57.502586,50
s110,-37.818078,-57.500355,51
s110,-37.822192,-57.494824,52
s110,-37.823684,-57.496004,53
s110,-37.824209,-57.496326,54
s110,-37.825531,-57.496626,55
s110,-37.82748,-57.496219,56
s110,-37.828752,-57.495489,57
s110,-37.832768,-57.498579,58
s110,-37.827802,-57.5089,59
s110,-37.830836,-57.512505,60
s110,-37.828785,-57.515273,61
s110,-37.829819,-57.516453,62
s110,-37.831768,-57.513921,63
s110,-37.832056,-57.513685,64
s110,-37.837615,-57.508986,65
s110,-37.835666,-57.507484,66
s110,-37.836513,-57.505875,67
s110,-37.839072,-57.507806,68
s110,-37.841394,-57.50581,69
s110,-37.841801,-57.506433,70
s110,-37.842444,-57.506583,71
s110,-37.842919,-57.506347,72
s110,-37.845914,-57.508506,73
s110,-37.845761,-57.508594,74
s110,-37.845804,-57.508943,75
s110,-37.84577,-57.50927,76
s110,-37.845973,-57.509426,77
s110,-37.846257,-57.509324,78
s110,-37.846439,-57.509007,79
s110,-37.846693,-57.508734,80
s110,-37.847155,-57.508337,81
s110,-37.848943,-57.506969,82
s110,-37.849963,-57.50676,83
s110,-37.852153,-57.507457,84
s110,-37.855339,-57.508632,85
s110,-37.857804,-57.509587,86
s110,-37.860574,-57.510617,87
s110,-37.862945,-57.511754,88
s110,-37.864114,-57.513041,89
s110,-37.864724,-57.513428,90
s110,-37.863521,-57.517236,91
s110,-37.864216,-57.517515,92
s110,-37.86884,-57.515091,93
s110,-37.869518,-57.515616,94
s110,-37.870314,-57.515928,95
s110,-37.871186,-57.515992,96
s110,-37.87216,-57.515552,97
s110,-37.874684,-57.51508,98
s110,-37.875887,-57.515466,99
s110,-37.878613,-57.516797,100
s110,-37.888639,-57.520852,101
s110,-37.894329,-57.523148,102
s110,-37.896937,-57.52317,103
s110,-37.899951,-57.52244,104
s110,-37.909263,-57.524457,105
s110,-37.910651,-57.524757,106
s110,-37.912513,-57.525744,107
s110,-37.924363,-57.528491,108
s110,-37.926969,-57.529221,109
s110,-37.929169,-57.530379,110
s110,-37.934619,-57.53231,111
s110,-37.947616,-57.535615,112
s110,-37.951947,-57.536774,113
s110,-37.956651,-57.538705,114
s110,-37.959087,-57.540121,115
s110,-37.962708,-57.540507,116
s110,-37.965685,-57.541065,117
s110,-37.969559,-57.542589,118
s110,-37.970159,-57.542964,119
s110,-37.970422,-57.543275,120
s110,-37.970743,-57.54335,121
s110,-37.97098,-57.543018,122
s110,-37.971572,-57.542642,123
s110,-37.973542,-57.542932,124
s110,-37.975462,-57.543125,125
s110,-37.978211,-57.543715,126
s110,-37.979403,-57.544005,127
s110,-37.981627,-57.544123,128
s110,-37.982786,-57.544402,129
s110,-37.986261,-57.544863,130
s110,-37.990464,-57.548189,131
s110,-37.991512,-57.549047,132
s110,-37.992544,-57.546945,133
s110,-37.996602,-57.550228,134
s110,-38.000897,-57.541709,135
s110,-38.002161,-57.542015,136
s110,-38.004008,-57.543554,137
s110,-38.006071,-57.545099,138
s110,-38.012377,-57.532418,139
s110,-38.013781,-57.53231,140
s110,-38.015606,-57.531366,141
s110,-38.016468,-57.530293,142
s110,-38.016857,-57.52965,143
s110,-38.016925,-57.525508,144
s110,-38.017398,-57.525015,145
s110,-38.018074,-57.524993,146
s110,-38.019765,-57.525637,147
s110,-38.020171,-57.52701,148
s110,-38.020458,-57.527847,149
s110,-38.02345,-57.527826,150
s110,-38.024058,-57.528062,151
s110,-38.024515,-57.529027,152
s110,-38.025998,-57.532053,153
s110,-38.027963,-57.533855,154
s110,-38.029822,-57.534499,155
s110,-38.03109,-57.534113,156
s110,-38.032189,-57.534864,157
s110,-38.035146,-57.537868,158
s110,-38.037343,-57.539413,159
s110,-38.040706,-57.542288,160
s110,-38.042582,-57.543533,161
s110,-38.04412,-57.543833,162
s110,-38.044847,-57.543919,163
s110,-38.046367,-57.541859,164
s110,-38.04935,-57.541344,165
s110,-38.04946,-57.543683,166
s110,-38.050288,-57.544262,167
s110,-38.051758,-57.545357,168
s110,-38.054258,-57.546988,169
s110,-38.055374,-57.547202,170
s110,-38.057992,-57.545528,171
s110,-38.058753,-57.544692,172
s110,-38.059648,-57.544971,173
s110,-38.061067,-57.545872,174
s110,-38.065612,-57.547417,175
s110,-38.067369,-57.54776,176
s110,-38.069481,-57.547739,177
s110,-38.072014,-57.547545,178
s110,-38.074396,-57.546344,179
s110,-38.076052,-57.545013,180
s110,-38.077285,-57.544091,181
s110,-38.078231,-57.543468,182
s110,-38.079244,-57.541258,183
s110,-38.080561,-57.539928,184
s110,-38.081794,-57.538726,185
s110,-38.082554,-57.538941,186
s110,-38.084615,-57.54158,187
s110,-38.086084,-57.542374,188
s110,-38.088043,-57.543619,189
s110,-38.090948,-57.546666,190
s110,-38.092954,-57.548559,191
s110,-38.093498,-57.549305,192
s110,-38.094393,-57.549777,193
s110,-38.095052,-57.550764,194
s110,-38.101604,-57.561729,195
s110,-38.103917,-57.566793,196
s110,-38.10547,-57.570462,197
s110,-38.10753,-57.574432,198
s110,-38.108746,-57.576749,199
s110,-38.108307,-57.577608,200
s110,-38.106889,-57.57956,201
s110,-38.105268,-57.58162,202
s110,-38.104998,-57.581475,203
s110,-38.104035,-57.582715,204
s110,-38.10577,-57.58096,205
s110,-38.099265,-57.589613,206
s110,-38.103757,-57.583777,207
s110,-38.106846,-57.587403,208
s110,-38.107834,-57.586169,209
s110,-38.108366,-57.586749,210
s110,-38.109438,-57.585397,211
s110,-38.109919,-57.585976,212
s110,-38.110839,-57.584785,213
s110,-38.111194,-57.584356,214
s110,-38.11138,-57.583991,215
s110,-38.110991,-57.582747,216
s110,-38.11024,-57.580429,217
s110,-38.108872,-57.577039,218
s110,-38.107547,-57.574625,219
s110,-38.107252,-57.575253,220
s124,-38.050085,-57.539542,1
s124,-38.049291,-57.539477,2
s124,-38.049367,-57.541291,3
s124,-38.046334,-57.541859,4
s124,-38.038923,-57.55174,5
s124,-38.036152,-57.548425,6
s124,-38.035493,-57.549284,7
s124,-38.026298,-57.561514,8
s124,-38.02424,-57.564138,9
s124,-38.014051,-57.55585,10
s124,-38.005336,-57.548844,11
s124,-38.002039,-57.546183,12
s124,-38.003738,-57.542857,13
s124,-38.003738,-57.542503,14
s124,-38.003121,-57.542106,15
s124,-38.002675,-57.5418,16
s124,-38.000119,-57.54136,17
s124,-37.998906,-57.541645,18
s124,-37.99878,-57.542047,19
s124,-37.998906,-57.542208,20
s124,-37.998248,-57.54459,21
s124,-37.994667,-57.551622,22
s124,-37.996391,-57.552996,23
s124,-38.000441,-57.556161,24
s124,-37.995858,-57.565312,25
s124,-37.987166,-57.582414,26
s124,-37.97597,-57.604483,27
s124,-37.970895,-57.614429,28
s124,-37.975741,-57.618356,29
s124,-37.97372,-57.622304,30
s124,-37.968941,-57.618442,31
s124,-37.958134,-57.639743,32
s124,-37.962784,-57.645392,33
s124,-37.957641,-57.652141,34
s124,-37.957903,-57.652366,35
s125,-37.999189,-57.543855,1
s125,-37.998522,-57.54335,2
s125,-37.998209,-57.54452,3
s125,-37.994683,-57.55159,4
s125,-37.996391,-57.552996,5
s125,-37.997219,-57.553618,6
s125,-37.992586,-57.562695,7
s125,-38.006189,-57.573659,8
s125,-38.005665,-57.574646,9
s125,-38.010247,-57.57838,10
s125,-38.008404,-57.582479,11
s125,-38.009689,-57.583487,12
s125,-38.009926,-57.58338,13
s125,-38.018058,-57.593164,14
s125,-38.015099,-57.596984,15
s125,-38.020627,-57.603604,16
s125,-38.022858,-57.600642,17
s125,-38.02563,-57.603969,18
s125,-38.021303,-57.609665,19
s125,-38.022689,-57.611318,20
s125,-38.018751,-57.616435,21
s125,-38.019469,-57.617283,22
s125,-38.017466,-57.619879,23
s125,-38.039304,-57.646251,24
s125,-38.042599,-57.642024,25
s125,-38.044069,-57.643719,26
s125,-38.040808,-57.648075,27
s125,-38.04385,-57.651787,28
s125,-38.044238,-57.652173,29
s125,-38.027761,-57.67391,30
s111,-37.745819,-57.420774,1
s111,-37.744733,-57.420967,2
s111,-37.744649,-57.422318,3
s111,-37.744207,-57.423499,4
s111,-37.743317,-57.424561,5
s111,-37.742409,-57.425162,6
s111,-37.743088,-57.425827,7
s111,-37.744538,-57.427104,8
s111,-37.734578,-57.445321,9
s111,-37.734035,-57.445579,10
s111,-37.733772,-57.446061,11
s111,-37.745064,-57.457294,12
s111,-37.764744,-57.456779,13
s111,-37.765711,-57.457294,14
s111,-37.767424,-57.458797,15
s111,-37.768645,-57.460105,16
s111,-37.768968,-57.460835,17
s111,-37.769324,-57.461178,18
s111,-37.769532,-57.460814,19
s111,-37.76971,-57.460057,20
s111,-37.769867,-57.459719,21
s111,-37.770083,-57.459467,22
s111,-37.772118,-57.45671,23
s111,-37.77373,-57.45443,24
s111,-37.77303,-57.453743,25
s111,-37.773318,-57.453325,26
s111,-37.773683,-57.452863,27
s111,-37.774378,-57.453593,28
s111,-37.771571,-57.45737,29
s111,-37.769697,-57.459912,30
s111,-37.76918,-57.46017,31
s111,-37.769587,-57.461007,32
s111,-37.770588,-57.462337,33
s111,-37.773225,-57.465781,34
s111,-37.779161,-57.473259,35
s111,-37.781603,-57.47592,36
s111,-37.784045,-57.47798,37
s111,-37.793915,-57.486176,38
s111,-37.797204,-57.488751,39
s111,-37.799442,-57.490554,40
s111,-37.805817,-57.493472,41
s111,-37.807614,-57.493901,42
s111,-37.809682,-57.49609,43
s111,-37.815412,-57.502785,44
s111,-37.815603,-57.50323,45
s111,-37.815993,-57.503691,46
s111,-37.816175,-57.503686,47
s111,-37.816289,-57.503423,48
s111,-37.816327,-57.503053,49
s111,-37.816497,-57.502586,50
s111,-37.818078,-57.500355,51
s111,-37.822192,-57.494824,52
s111,-37.823684,-57.496004,53
s111,-37.824209,-57.496326,54
s111,-37.825531,-57.496626,55
s111,-37.82748,-57.496219,56
s111,-37.828752,-57.495489,57
s111,-37.832768,-57.498579,58
s111,-37.827802,-57.5089,59
s111,-37.830836,-57.512505,60
s111,-37.828785,-57.515273,61
s111,-37.829819,-57.516453,62
s111,-37.831768,-57.513921,63
s111,-37.832056,-57.513685,64
s111,-37.837615,-57.508986,65
s111,-37.835666,-57.507484,66
s111,-37.836513,-57.505875,67
s111,-37.839072,-57.507806,68
s111,-37.841394,-57.50581,69
s111,-37.841801,-57.506433,70
s111,-37.842444,-57.506583,71
s111,-37.842919,-57.506347,72
s111,-37.845914,-57.508506,73
s111,-37.845761,-57.508594,74
s111,-37.845804,-57.508943,75
s111,-37.84577,-57.50927,76
s111,-37.845973,-57.509426,77
s111,-37.846257,-57.509324,78
s111,-37.846439,-57.509007,79
s111,-37.846693,-57.508734,80
s111,-37.847155,-57.508337,81
s111,-37.848943,-57.506969,82
s111,-37.849963,-57.50676,83
s111,-37.852153,-57.507457,84
s111,-37.855339,-57.508632,85
s111,-37.857804,-57.509587,86
s111,-37.860574,-57.510617,87
s111,-37.862945,-57.511754,88
s111,-37.864114,-57.513041,89
s111,-37.864724,-57.513428,90
s111,-37.863521,-57.517236,91
s111,-37.864216,-57.517515,92
s111,-37.86884,-57.515091,93
s111,-37.869518,-57.515616,94
s111,-37.870314,-57.515928,95
s111,-37.871186,-57.515992,96
s111,-37.87216,-57.515552,97
s111,-37.874684,-57.51508,98
s111,-37.875887,-57.515466,99
s111,-37.878613,-57.516797,100
s111,-37.888639,-57.520852,101
s111,-37.894329,-57.523148,102
s111,-37.896937,-57.52317,103
s111,-37.899951,-57.52244,104
s111,-37.909263,-57.524457,105
s111,-37.910651,-57.524757,106
s111,-37.912513,-57.525744,107
s111,-37.924363,-57.528491,108
s111,-37.926969,-57.529221,109
s111,-37.929169,-57.530379,110
s111,-37.934619,-57.53231,111
s111,-37.947616,-57.535615,112
s111,-37.951947,-57.536774,113
s111,-37.956651,-57.538705,114
s111,-37.959087,-57.540121,115
s111,-37.962708,-57.540507,116
s111,-37.965685,-57.541065,117
s111,-37.969559,-57.542589,118
s111,-37.970159,-57.542964,119
s111,-37.970422,-57.543275,120
s111,-37.970743,-57.54335,121
s111,-37.97098,-57.543018,122
s111,-37.971572,-57.542642,123
s111,-37.973542,-57.542932,124
s111,-37.975462,-57.543125,125
s111,-37.978211,-57.543715,126
s111,-37.979403,-57.544005,127
s111,-37.981627,-57.544123,128
s111,-37.982786,-57.544402,129
s111,-37.986261,-57.544863,130
s111,-37.990464,-57.548189,131
s111,-37.991512,-57.549047,132
s111,-37.992544,-57.546945,133
s111,-37.996602,-57.550228,134
s111,-38.000897,-57.541709,135
s111,-38.002161,-57.542015,136
s111,-38.004008,-57.543554,137
s111,-38.006071,-57.545099,138
s111,-38.012377,-57.532418,139
s111,-38.013781,-57.53231,140
s111,-38.015606,-57.531366,141
s111,-38.016468,-57.530293,142
s111,-38.016857,-57.52965,143
s111,-38.016925,-57.525508,144
s111,-38.017398,-57.525015,145
s111,-38.018074,-57.524993,146
s111,-38.019765,-57.525637,147
s111,-38.020171,-57.52701,148
s111,-38.020458,-57.527847,149
s111,-38.02345,-57.527826,150
s111,-38.024058,-57.528062,151
s111,-38.024515,-57.529027,152
s111,-38.025998,-57.532053,153
s111,-38.027963,-57.533855,154
s111,-38.029822,-57.534499,155
s111,-38.03109,-57.534113,156
s111,-38.032189,-57.534864,157
s111,-38.035146,-57.537868,158
s111,-38.037343,-57.539413,159
s111,-38.040706,-57.542288,160
s111,-38.042582,-57.543533,161
s111,-38.04412,-57.543833,162
s111,-38.044847,-57.543919,163
s111,-38.046367,-57.541859,164
s111,-38.04935,-57.541344,165
s111,-38.04946,-57.543683,166
s111,-38.050288,-57.544262,167
s111,-38.051758,-57.545357,168
s111,-38.054258,-57.546988,169
s111,-38.055374,-57.547202,170
s111,-38.057992,-57.545528,171
s111,-38.058753,-57.544692,172
s111,-38.059648,-57.544971,173
s111,-38.061067,-57.545872,174
s111,-38.065612,-57.547417,175
s111,-38.067369,-57.54776,176
s111,-38.069481,-57.547739,177
s111,-38.072014,-57.547545,178
s111,-38.074396,-57.546344,179
s111,-38.076052,-57.545013,180
s111,-38.077285,-57.544091,181
s111,-38.078231,-57.543468,182
s111,-38.079244,-57.541258,183
s111,-38.080561,-57.539928,184
s111,-38.081794,-57.538726,185
s111,-38.082554,-57.538941,186
s111,-38.084615,-57.54158,187
s111,-38.086084,-57.542374,188
s111,-38.088043,-57.543619,189
s111,-38.090948,-57.546666,190
s111,-38.092954,-57.548559,191
s111,-38.093498,-57.549305,192
s111,-38.094393,-57.549777,193
s111,-38.095052,-57.550764,194
s111,-38.101604,-57.561729,195
s111,-38.103917,-57.566793,196
s111,-38.10547,-57.570462,197
s111,-38.10753,-57.574432,198
s111,-38.108746,-57.576749,199
s111,-38.108307,-57.577608,200
s111,-38.106889,-57.57956,201
s111,-38.105268,-57.58162,202
s111,-38.104998,-57.581475,203
s111,-38.104035,-57.582715,204
s111,-38.10577,-57.58096,205
s111,-38.099265,-57.589613,206
s111,-38.103757,-57.583777,207
s111,-38.106846,-57.587403,208
s111,-38.107834,-57.586169,209
s111,-38.108366,-57.586749,210
s111,-38.109438,-57.585397,211
s111,-38.109919,-57.585976,212
s111,-38.110839,-57.584785,213
s111,-38.111194,-57.584356,214
s111,-38.11138,-57.583991,215
s111,-38.110991,-57.582747,216
s111,-38.11024,-57.580429,217
s111,-38.108872,-57.577039,218
s111,-38.107547,-57.574625,219
s111,-38.107252,-57.575253,220
s113,-38.050085,-57.539542,1
s113,-38.049291,-57.539499,2
s113,-38.049375,-57.541301,3
s113,-38.0463,-57.541902,4
s113,-38.038932,-57.551708,5
s113,-38.036211,-57.548361,6
s113,-38.035493,-57.549284,7
s113,-38.026298,-57.561514,8
s113,-38.018243,-57.572147,9
s113,-38.006967,-57.587135,10
s113,-37.995123,-57.602815,11
s113,-37.993719,-57.604591,12
s113,-37.990641,-57.602091,13
s113,-37.992696,-57.5981,14
s113,-37.989525,-57.59553,15
s113,-37.984004,-57.591062,16
s113,-37.983471,-57.592016,17
s113,-37.982634,-57.591362,18
s113,-37.985086,-57.586448,19
s113,-37.980807,-57.583058,20
s113,-37.972401,-57.57646,21
s113,-37.971445,-57.576213,22
s113,-37.951457,-57.581513,23
s113,-37.952742,-57.578831,24
s113,-37.951017,-57.577672,25
s113,-37.951727,-57.57632,26
s113,-37.945399,-57.571256,27
s113,-37.943859,-57.570012,28
s113,-37.947903,-57.561901,29
s113,-37.943724,-57.558575,30
s113,-37.943521,-57.557759,31
s113,-37.932385,-57.544262,32
s113,-37.928763,-57.54894,33
s113,-37.928323,-57.547631,34
s113,-37.926783,-57.545743,35
s113,-37.926072,-57.545357,36
s113,-37.923889,-57.542739,37
s113,-37.932368,-57.531517,38
s113,-37.935764,-57.532659,39
s119,-37.945418,-57.570713,1
s119,-37.94559,-57.570899,2
s119,-37.94543,-57.571279,3
s119,-37.952486,-57.577009,4
s119,-37.951868,-57.578259,5
s119,-37.952803,-57.578854,6
s119,-37.962016,-57.560649,7
s119,-37.968396,-57.565792,8
s119,-37.967888,-57.566843,9
s119,-37.971018,-57.569375,10
s119,-37.970527,-57.570426,11
s119,-37.97528,-57.574203,12
s119,-37.976274,-57.572222,13
s119,-37.977932,-57.573531,14
s119,-37.978236,-57.572951,15
s119,-37.979949,-57.569611,16
s119,-37.983179,-57.572122,17
s119,-37.984735,-57.569118,18
s119,-37.98639,-57.570444,19
s119,-37.988033,-57.571714,20
s119,-37.986934,-57.573838,21
s119,-37.985378,-57.572486,22
s119,-37.992514,-57.558389,23
s119,-38.000969,-57.541544,24
s119,-38.001926,-57.541834,25
s119,-38.00273,-57.542457,26
s119,-38.005163,-57.544452,27
s119,-37.999541,-57.555513,28
s119,-38.00127,-57.556935,29
s119,-38.009154,-57.563281,30
s119,-38.018925,-57.571177,31
s119,-38.021706,-57.574557,32
s119,-38.035849,-57.591559,33
s119,-38.037107,-57.592124,34
s119,-38.038182,-57.592524,35
s119,-38.041444,-57.58819,36
s119,-38.043489,-57.590625,37
s119,-38.051456,-57.580036,38
s119,-38.053466,-57.58245,39
s119,-38.053745,-57.583104,40
s119,-38.054725,-57.583855,41
s119,-38.058316,-57.588136,42
s119,-38.058468,-57.588533,43
s119,-38.058738,-57.588158,44
s119,-38.058333,-57.588007,45
s119,-38.054818,-57.583802,46
s119,-38.053804,-57.583019,47
s119,-38.053534,-57.582396,48
s119,-38.051523,-57.579929,49
s119,-38.054092,-57.576571,50
s119,-38.047223,-57.568288,51
s119,-38.041782,-57.561711,52
s119,-38.046969,-57.554823,53
s119,-38.042272,-57.549062,54
s119,-38.045871,-57.544169,55
s119,-38.045339,-57.543247,56
s119,-38.046395,-57.541831,57
s119,-38.04947,-57.541219,58
s119,-38.049935,-57.540768,59
s119,-38.050085,-57.539542,60
s120,-37.939248,-57.606676,1
s120,-37.93899,-57.606089,2
s120,-37.951173,-57.582035,3
s120,-37.951951,-57.581863,4
s120,-37.952273,-57.581391,5
s120,-37.951732,-57.580898,6
s120,-37.957416,-57.569654,7
s120,-37.970138,-57.544613,8
s120,-37.974164,-57.547832,9
s120,-37.975213,-57.545772,10
s120,-37.983872,-57.552874,11
s120,-37.991943,-57.559372,12
s120,-37.99607,-57.551204,13
s120,-38.000969,-57.541587,14
s120,-38.001956,-57.541802,15
s120,-38.00273,-57.542457,16
s120,-38.005178,-57.544479,17
s120,-38.002091,-57.550457,18
s120,-38.002937,-57.551165,19
s120,-38.012506,-57.558857,20
s120,-38.022286,-57.566764,21
s120,-38.025092,-57.570112,22
s120,-38.03323,-57.579918,23
s120,-38.038757,-57.58657,24
s120,-38.04419,-57.579371,25
s120,-38.045567,-57.580959,26
s120,-38.048811,-57.576689,27
s120,-38.044629,-57.571743,28
s120,-38.047223,-57.568288,29
s120,-38.041773,-57.561722,30
s120,-38.046969,-57.554823,31
s120,-38.042246,-57.54903,32
s120,-38.04582,-57.544191,33
s120,-38.04533,-57.543215,34
s120,-38.04637,-57.541798,35
s120,-38.049437,-57.541294,36
s120,-38.049935,-57.540801,37
s120,-38.050085,-57.539542,38
s121,-38.050085,-57.539542,1
s121,-38.049269,-57.539458,2
s121,-38.049299,-57.541249,3
s121,-38.046318,-57.541823,4
s121,-38.041544,-57.548239,5
s121,-38.046969,-57.554823,6
s121,-38.041765,-57.5617,7
s121,-38.043801,-57.564168,8
s121,-38.041207,-57.56759,9
s121,-38.035765,-57.574843,10
s121,-38.037836,-57.577257,11
s121,-38.03845,-57.576417,12
s121,-38.039853,-57.578112,13
s121,-38.036621,-57.582378,14
s121,-38.020604,-57.603618,15
s121,-38.009744,-57.590489,16
s121,-38.006986,-57.587106,17
s121,-38.000773,-57.582064,18
s121,-37.98639,-57.570444,19
s121,-37.978238,-57.563943,20
s121,-37.966438,-57.554285,21
s121,-37.966941,-57.553212,22
s121,-37.966043,-57.55252,23
s121,-37.965535,-57.553707,24
s121,-37.953337,-57.577643,25
s121,-37.945451,-57.571194,26
s121,-37.94559,-57.570915,27
s121,-37.945418,-57.570713,28
s122,-37.999189,-57.543855,1
s122,-37.998522,-57.54335,2
s122,-37.998209,-57.54452,3
s122,-37.994666,-57.55159,4
s122,-37.996391,-57.552996,5
s122,-37.997185,-57.553618,6
s122,-37.992586,-57.562695,7
s122,-38.006189,-57.573659,8
s122,-38.005665,-57.574646,9
s122,-38.010247,-57.57838,10
s122,-38.008404,-57.582479,11
s122,-38.009689,-57.583487,12
s122,-38.009926,-57.58338,13
s122,-38.018058,-57.593164,14
s122,-38.015099,-57.596984,15
s122,-38.020627,-57.603604,16
s122,-38.022875,-57.600642,17
s122,-38.025639,-57.603936,18
s122,-38.021303,-57.609665,19
s122,-38.022689,-57.611318,20
s122,-38.018751,-57.616435,21
s122,-38.019469,-57.617283,22
s122,-38.017466,-57.619879,23
s122,-38.039304,-57.646251,24
s122,-38.042599,-57.642024,25
s122,-38.044069,-57.643719,26
s122,-38.040808,-57.648075,27
s122,-38.04385,-57.651787,28
s123,-38.014643,-57.545941,1
s123,-38.01493,-57.545335,2
s123,-38.010957,-57.542127,3
s123,-38.009934,-57.544155,4
s123,-38.006705,-57.541516,5
s123,-38.00613,-57.542181,6
s123,-38.005141,-57.542599,7
s123,-38.004331,-57.54265,8
s123,-38.003717,-57.54239,9
s123,-38.003171,-57.542025,10
s123,-38.002675,-57.5418,11
s123,-38.000744,-57.541414,12
s123,-38.000075,-57.541384,13
s123,-37.998873,-57.541647,14
s123,-37.998741,-57.54194,15
s123,-37.999127,-57.542382,16
s123,-37.99757,-57.54838,17
s123,-37.99607,-57.551204,18
s123,-37.995229,-57.550544,19
s123,-37.989593,-57.561686,20
s123,-37.988815,-57.561042,21
s123,-37.988003,-57.560399,22
s123,-37.980367,-57.575494,23
s123,-37.977966,-57.573552,24
s123,-37.975564,-57.57823,25
s123,-37.974752,-57.578123,26
s123,-37.972967,-57.576749,27
s123,-37.971479,-57.576224,28
s123,-37.967554,-57.577168,29
s123,-37.967089,-57.576985,30
s123,-37.966607,-57.577093,31
s123,-37.966801,-57.577811,32
s123,-37.95177,-57.607369,33
s123,-37.948614,-57.604827,34
s123,-37.947582,-57.606887,35
s123,-37.950746,-57.60944,36
s123,-37.950898,-57.609032,37
s123,-37.95122,-57.609043,38
